coach_id,short_name,long_name,nationality_id,nationality_name,face_url
24,D. Unsworth,David Unsworth,14,England,
50,S. Gerrard,Steven Gerrard,14,England,https://cdn.sportmonks.com/images/soccer/players/18/50.png
95,F. Lampard,Frank Lampard,14,England,https://cdn.sportmonks.com/images/soccer/players/31/95.png
121,C. Hoefkens,Carl Hoefkens,7,Belgium,https://cdn.sportmonks.com/images//soccer/coaches/25/121.png
123,M. Etherington,Matthew Etherington,14,England,https://cdn.sportmonks.com/images/soccer/players/27/123.png
126,A. Dawson,Andy Dawson,14,England,
204,K. Seol,Ki-Hyeon Seol,167,Korea Republic,https://cdn.sportmonks.com/images/soccer/players/12/204.png
236,V. Kompany,Vincent Kompany,7,Belgium,https://cdn.sportmonks.com/images/soccer/players/12/236.png
252,C. Tevez,Carlos Alberto Tevez,52,Argentina,https://cdn.sportmonks.com/images/soccer/players/28/252.png
270,G. O'Neil,Gary O'Neil,14,England,
305,P. Neville,Phil Neville,14,England,https://cdn.sportmonks.com/images//soccer/coaches/17/305.png
307,M. Arteta,Mikel Arteta Amatriain,45,Spain,https://cdn.sportmonks.com/images/soccer/players/19/307.png
380,E. Belözoğlu,Emre Belözoğlu,48,Turkey,https://cdn.sportmonks.com/images/soccer/players/28/380.png
382,D. Duff,Damien Duff,25,Republic of Ireland,https://cdn.sportmonks.com/images/soccer/players/30/382.png
384,D. Moore,Darren Moore,14,England,
468,W. Elliott,Wade Elliott,14,England,https://cdn.sportmonks.com/images/soccer/players/20/468.png
491,I. Evatt,Ian Ross Evatt,14,England,
497,D. Kuijt,Dirk Kuijt,34,Netherlands,https://cdn.sportmonks.com/images/soccer/players/17/497.png
511,X. Alonso Olano,Xabier Alonso Olano,45,Spain,https://cdn.sportmonks.com/images/soccer/players/31/511.png
562,R. Edwards,Rob Edwards,50,Wales,
579,W. Rooney,Wayne Mark Rooney,14,England,https://cdn.sportmonks.com/images/soccer/players/3/579.png
607,G. McSheffrey,Gary McSheffrey,14,England,
611,M. Nafti,Mehdi Nafti,145,Tunisia,
618,L. Rosenior,Liam Rosenior,14,England,https://cdn.sportmonks.com/images/soccer/players/10/618.png
645,M. Carrick,Michael Carrick,14,England,https://cdn.sportmonks.com/images/soccer/players/5/645.png
658,J. Barton,Joey Barton,14,England,https://cdn.sportmonks.com/images/soccer/players/18/658.png
684,N. Montgomery,Nick Montgomery,42,Scotland,https://cdn.sportmonks.com/images/soccer/players/12/684.png
781,G. Caldwell,Gary Caldwell,42,Scotland,
869,S. Morison,Steve Morison,50,Wales,https://cdn.sportmonks.com/images/soccer/players/5/869.png
904,R. Martin,Russell Martin,42,Scotland,https://cdn.sportmonks.com/images/soccer/players/8/904.png
1198,K. Davis,Kelvin Davis,14,England,https://cdn.sportmonks.com/images/soccer/players/14/1198.png
1260,M. Hudson,Mark Hudson,14,England,
1458,M. Duff,Michael Duff,35,Northern Ireland,https://cdn.sportmonks.com/images/soccer/players/18/1458.png
1600,L. Johnson,Lee Johnson,14,England,
1621,J. Goodwin,Jim Goodwin,25,Republic of Ireland,
1631,P. Kisnorbo,Patrick Kisnorbo,195,Australia,https://cdn.sportmonks.com/images/soccer/players/31/1631.png
1713,Z. Zheng,Zhi Zheng,155,China PR,https://cdn.sportmonks.com/images/soccer/players/17/1713.png
1742,C. Davidson,Callum Davidson,42,Scotland,https://cdn.sportmonks.com/images/soccer/players/14/1742.png
1749,G. McCann,Grant McCann,35,Northern Ireland,https://cdn.sportmonks.com/images/soccer/players/21/1749.png
1773,W. Brown,Wayne Brown,14,England,
1819,G. Ainsworth,Gareth Ainsworth,14,England,
2003,J. Jackson,Johnnie Jackson,14,England,https://cdn.sportmonks.com/images/soccer/players/19/2003.png
2103,R. Wellens,Richard Wellens,14,England,
2133,M. Flynn,Michael John Flynn,50,Wales,
2146,J. Eustace,John Eustace,14,England,
2151,M. Fotheringham,Mark Fotheringham,42,Scotland,
2198,M. Kennedy,Mark Kennedy,25,Republic of Ireland,
2615,C. Healy,Colin Healy,25,Republic of Ireland,
2665,D. González Giraldo,David González Giraldo,56,Colombia,
2733,M. Taylor,Matthew Taylor,14,England,
3038,N. Harris,Neil Harris,14,England,
3125,T. Flo,Tore Andre Flo,36,Norway,https://cdn.sportmonks.com/images/soccer/players/21/3125.png
3311,P. Warne,Paul Warne,14,England,
3349,D. Schofield,Danny Schofield,14,England,
3494,L. Young,Lewis Jack Young,14,England,
3960,B. Berner,Bruno Berner,47,Switzerland,
4115,N. Şahin,Nuri Şahin,48,Turkey,https://cdn.sportmonks.com/images/soccer/players/19/4115.png
4665,S. Defour,Steven Defour,7,Belgium,https://cdn.sportmonks.com/images/soccer/players/25/4665.png
5097,R. Neilson,Robbie Neilson,42,Scotland,
5159,Moreno,João Miguel da Cunha Teixeira,38,Portugal,https://cdn.sportmonks.com/images/soccer/players/7/5159.png
5224,R. Zadkovich,Ruben Zadkovich,195,Australia,https://cdn.sportmonks.com/images/soccer/players/8/5224.png
6711,K. Maher,Kevin Maher,25,Republic of Ireland,
7016,N. Jones,Nathan Jones,50,Wales,
7101,S. Schumacher,Steven Schumacher,14,England,
7464,M. Bloomfield,Matt Bloomfield,14,England,
8170,R. Lowe,Ryan Lowe,14,England,https://cdn.sportmonks.com/images/soccer/players/10/8170.png
9882,G. Coughlan,Graham Coughlan,25,Republic of Ireland,
10127,P. Heckingbottom,Paul Heckingbottom,14,England,
10629,K. Nicholson,Kevin Nicholson,14,England,
10631,C. Hargreaves,Chris Hargreaves,14,England,
11018,D. Maamria,Dino Maamria,14,England,
15322,S. Lindsey,Scott Lindsey,14,England,
16436,D. McMahon,Daryl McMahon,25,Republic of Ireland,
20284,D. Kelly,Darren Kelly,35,Northern Ireland,
22909,G. García de la Torre,Gabriel Francisco García de la Torre,45,Spain,https://cdn.sportmonks.com/images/soccer/players/29/22909.png
23029,P. Cocu,Phillip Cocu,34,Netherlands,
23174,J. Dahl Tomasson,Jon Dahl Tomasson,13,Denmark,
23180,A. Slot,Arne Slot,34,Netherlands,https://cdn.sportmonks.com/images/soccer/players/12/23180.png
23237,G. van Bronckhorst,Giovanni van Bronckhorst,34,Netherlands,https://cdn.sportmonks.com/images//soccer/coaches/5/23237.png
23247,S. Keller,Stephan Keller,47,Switzerland,
23316,D. Buijs,Danny Buijs,34,Netherlands,
23395,R. Kruijs,Rick Kruijs,34,Netherlands,
23435,A. Schreuder,Alfred Schreuder,34,Netherlands,
23440,S. Kaloglu,Sinan Kaloglu,48,Turkey,
23707,R. Meijer,Rogier Meijer,34,Netherlands,
23716,K. Hofland,Kevin Hofland,34,Netherlands,https://cdn.sportmonks.com/images/soccer/players/4/23716.png
23990,A. Viðarsson,Arnar Viðarsson,24,Iceland,https://cdn.sportmonks.com/images/soccer/players/22/23990.png
24381,M. van Bommel,Mark van Bommel,34,Netherlands,https://cdn.sportmonks.com/images/soccer/players/29/24381.png
29535,B. Svensson,Bo Svensson,13,Denmark,https://cdn.sportmonks.com/images/soccer/players/31/29535.png
29560,M. Klose,Miroslav Klose,21,Germany,https://cdn.sportmonks.com/images/soccer/players/24/29560.png
29608,L. Magnin,Ludovic Magnin,47,Switzerland,
29612,A. Frei,Alexander Frei,47,Switzerland,https://cdn.sportmonks.com/images/soccer/players/12/29612.png
29621,T. Brdarić,Thomas Brdarić,21,Germany,
29676,S. Baumgart,Steffen Baumgart,21,Germany,
29710,M. Rose,Marco Rose,21,Germany,https://cdn.sportmonks.com/images//soccer/coaches/14/29710.png
29740,T. Rost,Timo Rost,21,Germany,
29838,S. Cherundolo,Steven Cherundolo,95,United States,https://cdn.sportmonks.com/images/soccer/players/14/29838.png
29839,C. Dabrowski,Christoph Dabrowski,21,Germany,https://cdn.sportmonks.com/images/soccer/players/15/29839.png
30044,C. Eichner,Christian Eichner,21,Germany,https://cdn.sportmonks.com/images/soccer/players/28/30044.png
30143,T. Kleine,Thomas Kleine,21,Germany,https://cdn.sportmonks.com/images/soccer/players/31/30143.png
30314,M. Jaissle,Matthias Jaissle,21,Germany,https://cdn.sportmonks.com/images/soccer/players/10/30314.png
30462,Ç. Atan,Çagdas Atan,48,Turkey,
30572,A. Voigt,Alexander Voigt,21,Germany,
30963,R. van Nistelrooy,Ruud van Nistelrooy,34,Netherlands,https://cdn.sportmonks.com/images/soccer/players/19/30963.png
30996,S. Wagner,Sandro Wagner,21,Germany,https://cdn.sportmonks.com/images/soccer/players/20/30996.png
31151,T. Schultz,Timo Schultz,21,Germany,
31205,J. De Roeck,Jonas De Roeck,7,Belgium,https://cdn.sportmonks.com/images/soccer/players/5/31205.png
31312,O. Burca,Ovidiu Nicusor Burca,39,Romania,
33148,R. Ziehl,Rüdiger Ziehl,21,Germany,
33182,S. Leitl,Stefan Leitl,21,Germany,https://cdn.sportmonks.com/images/soccer/players/30/33182.png
33212,D. Thioune,Daniel Thioune,21,Germany,
35399,M. Rapp,Marcel Rapp,21,Germany,
35472,T. Schweinsteiger,Tobias Schweinsteiger,21,Germany,https://cdn.sportmonks.com/images/soccer/players/16/35472.png
35564,M. Selimbegovic,Mersad Selimbegovic,8,Bosnia and Herzegovina,
35571,A. Blessin,Alexander Blessin,21,Germany,
36891,M. Schiele,Michael Schiele,21,Germany,
38226,D. Fossi,Dario Fossi,27,Italy,
38879,S. Duran,Sargon Duran,4,Austria,https://cdn.sportmonks.com/images/soccer/players/31/38879.png
38927,E. Maaßen,Enrico Maaßen,21,Germany,https://cdn.sportmonks.com/images//soccer/coaches/15/38927.png
39433,M. Kniat,Michél Kniat,21,Germany,
45305,P. Matarazzo,Pellegrino Matarazzo,95,United States,https://cdn.sportmonks.com/images//soccer/coaches/25/45305.png
51306,F. Feldhofer,Ferdinand Feldhofer,4,Austria,https://cdn.sportmonks.com/images/soccer/players/10/51306.png
51459,M. Lindström,Mattias Lindström,46,Sweden,https://cdn.sportmonks.com/images/soccer/players/3/51459.png
51518,O. Glasner,Oliver Glasner,4,Austria,https://cdn.sportmonks.com/images//soccer/coaches/30/51518.png
60268,A. Čustović,Adnan Čustović,8,Bosnia and Herzegovina,
60303,I. Leko,Ivan Leko,10,Croatia,https://cdn.sportmonks.com/images/soccer/players/15/60303.png
60307,K. Geraerts,Karel Geraerts,7,Belgium,https://cdn.sportmonks.com/images/soccer/players/19/60307.png
60361,M. Leye,M'Baye Leye,136,Senegal,https://cdn.sportmonks.com/images/soccer/players/9/60361.png
60393,I. Vukomanovic,Ivan Vukomanovic,51,Serbia,
60851,W. De Decker,Wim De Decker,7,Belgium,https://cdn.sportmonks.com/images/soccer/players/19/60851.png
79289,M. Liczka,Marcel Liczka,12,Czech Republic,
82956,H. Hansen,Henrik Hansen,13,Denmark,https://cdn.sportmonks.com/images/soccer/players/12/82956.png
82974,B. Priske Pedersen,Brian Priske Pedersen,13,Denmark,
84240,M. Thomsen,Martin Thomsen,13,Denmark,https://cdn.sportmonks.com/images/soccer/players/16/84240.png
90958,T. Koskela,Toni Koskela,17,Finland,
94064,L. Batlles,Laurent Batlles,18,France,
94105,C. Marques Gomes,Cristiano Marques Gomes,54,Brazil,https://cdn.sportmonks.com/images/soccer/players/25/94105.png
94233,V. Hognon,Vincent Hognon,18,France,
94328,P. da Silva Peixoto,Paulo César da Silva Peixoto,38,Portugal,https://cdn.sportmonks.com/images/soccer/players/24/94328.png
94341,S. Dumont,Stéphane Dumont,18,France,
94363,R. Pitau,Romain Pitau,18,France,https://cdn.sportmonks.com/images/soccer/players/27/94363.png
94389,O. Echouafni,Olivier Echouafni,18,France,
94575,F. Grosso,Fabio Grosso,27,Italy,
94983,N. Rabuel,Nicolas Rabuel,18,France,
95058,L. González,Luis Oscar González,52,Argentina,https://cdn.sportmonks.com/images/soccer/players/18/95058.png
95070,O. Daf,Omar Daf,136,Senegal,
95212,B. Grougi,Bruno Grougi,18,France,https://cdn.sportmonks.com/images/soccer/players/12/95212.png
95726,T. Motta,Thiago Motta,27,Italy,https://cdn.sportmonks.com/images/soccer/players/14/95726.png
95782,A. Mutu,Adrian Mutu,39,Romania,https://cdn.sportmonks.com/images/soccer/players/6/95782.png
97208,O. Guégan,Olivier Guégan,18,France,
98545,A. Dona N'Doh,Ande Dona N'Doh,103,Cameroon,https://cdn.sportmonks.com/images/soccer/players/17/98545.png
99512,F. Valeri,Fabien Valeri,18,France,
101150,S. Masala,Stéphane Masala,18,France,https://cdn.sportmonks.com/images/soccer/players/30/101150.png
107256,I. Damonte,Israel Alejandro Damonte,52,Argentina,
107635,N. Dică,Nicolae Constantin Dică,39,Romania,https://cdn.sportmonks.com/images/soccer/players/19/107635.png
107983,E. Bulut,Erol Bulut,48,Turkey,
108499,A. Vukovic,Aleksandar Vukovic,51,Serbia,
108880,V. Faisca Teixeira,Vasco Manuel Vilhena Faisca Teixeira,38,Portugal,https://cdn.sportmonks.com/images/soccer/players/16/108880.png
109688,D. Martínez,Diego Hernán Martínez,52,Argentina,
117955,J. Neestrup Hansen,Jacob Neestrup Hansen,13,Denmark,
120315,R. Higgins,Ruaidhri Higgins,35,Northern Ireland,
120469,J. Russell,John Russell,25,Republic of Ireland,https://cdn.sportmonks.com/images/soccer/players/21/120469.png
120550,A. Myler,Andrew Myler,25,Republic of Ireland,
120668,I. Ryan,Ian Ryan,25,Republic of Ireland,https://cdn.sportmonks.com/images/soccer/players/28/120668.png
120714,G. Cronin,Gary Cronin,25,Republic of Ireland,https://cdn.sportmonks.com/images/soccer/players/10/120714.png
120775,S. Bradley,Stephen Bradley,25,Republic of Ireland,https://cdn.sportmonks.com/images/soccer/players/7/120775.png
121795,T. Clancy,Tim Clancy,25,Republic of Ireland,https://cdn.sportmonks.com/images/soccer/players/3/121795.png
122306,T. Barrett,Tommy Barrett,25,Republic of Ireland,
126283,M. Pintilii,Mihai Doru Pintilii,39,Romania,https://cdn.sportmonks.com/images/soccer/players/11/126283.png
127492,E. Corini,Eugenio Corini,27,Italy,
127495,F. Inzaghi,Filippo Inzaghi,27,Italy,
127536,M. Frick,Mario Frick,29,Liechtenstein,
127593,S. Siviglia,Sebastiano Siviglia,27,Italy,
127597,D. Stankovic,Dejan Stankovic,51,Serbia,https://cdn.sportmonks.com/images/soccer/players/13/127597.png
127611,L. Scaloni,Lionel Sebastián Scaloni,52,Argentina,https://cdn.sportmonks.com/images/soccer/players/27/127611.png
127616,P. Zanetti,Paolo Zanetti,27,Italy,https://cdn.sportmonks.com/images//soccer/coaches/0/127616.png
127617,L. Colucci,Leonardo Colucci,27,Italy,
127889,R. De Zerbi,Roberto De Zerbi,27,Italy,
127965,I. Gattuso,Ivan Gennaro Gattuso,27,Italy,https://cdn.sportmonks.com/images/soccer/players/29/127965.png
127980,I. Juric,Ivan Juric,10,Croatia,https://cdn.sportmonks.com/images//soccer/coaches/12/127980.png
127989,A. Pirlo,Andrea Pirlo,27,Italy,https://cdn.sportmonks.com/images/soccer/players/21/127989.png
128013,F. Liverani,Fabio Liverani,27,Italy,
128160,S. Inzaghi,Simone Inzaghi,27,Italy,https://cdn.sportmonks.com/images//soccer/coaches/0/128160.png
128211,C. Bucchi,Christian Bucchi,27,Italy,
128261,V. Italiano,Vincenzo Italiano,27,Italy,
128295,R. Palladino,Raffaele Palladino,27,Italy,https://cdn.sportmonks.com/images/soccer/players/7/128295.png
128419,F. Cannavaro,Fabio Cannavaro,27,Italy,
128470,M. Paci,Massimo Paci,27,Italy,https://cdn.sportmonks.com/images/soccer/players/22/128470.png
128851,F. Gago,Fernando Rubén Gago,52,Argentina,https://cdn.sportmonks.com/images/soccer/players/19/128851.png
130523,G. Volpe,Gennaro Volpe,27,Italy,https://cdn.sportmonks.com/images/soccer/players/27/130523.png
130528,F. Pecchia,Fabio Pecchia,27,Italy,
130911,D. Di Donato,Daniele Di Donato,27,Italy,
130912,M. Mignani,Michele Mignani,27,Italy,
131125,E. Gorini,Edoardo Gorini,27,Italy,
133534,G. Munúa Vera,Gustavo Adolfo Munúa Vera,60,Uruguay,https://cdn.sportmonks.com/images/soccer/players/30/133534.png
134562,M. Croitoru,Marius Marian Croitoru,39,Romania,https://cdn.sportmonks.com/images/soccer/players/2/134562.png
149815,M. Powell,Magnus Powell,46,Sweden,
152113,K. Nicol,Kevin Andrew Nicol,42,Scotland,
152235,E. Horneland,Eirik Horneland,36,Norway,
153793,W. Łobodziński,Wojciech Łobodziński,37,Poland,
153980,P. Stano,Pavol Stano,43,Slovakia,https://cdn.sportmonks.com/images/soccer/players/28/153980.png
154013,M. Stolarczyk,Maciej Stolarczyk,37,Poland,
154225,I. Djurdjevic,Ivan Djurdjevic,51,Serbia,
154313,D. Dudek,Dariusz Dudek,37,Poland,
154708,K. Kuzera,Kamil Kuzera,37,Poland,https://cdn.sportmonks.com/images/soccer/players/20/154708.png
156328,A. Majewski,Adam Majewski,37,Poland,
158158,R. Amorim,Ruben Filipe Marques Amorim,38,Portugal,https://cdn.sportmonks.com/images/soccer/players/14/158158.png
158416,E. Felipe de Souza,Eduardo Godinho Felipe de Souza,54,Brazil,
160758,N. da Silva Veríssimo,Nelson Alexandre da Silva Veríssimo,38,Portugal,
163533,L. Balint,László György Balint,39,Romania,
163559,N. Constantin,Nicolae Constantin,39,Romania,
163560,M. Măldărăşanu,Marius Constantin Măldărăşanu,39,Romania,
163593,I. Poenaru,Ilie Poenaru,39,Romania,
163743,M. Radoi,Mirel Matei Radoi,39,Romania,https://cdn.sportmonks.com/images/soccer/players/31/163743.png
164110,A. Gómez Moreno,Abel Gómez Moreno,45,Spain,https://cdn.sportmonks.com/images/soccer/players/14/164110.png
166465,G. ?an?mare,George ?an?mare,39,Romania,
169214,S. Semak,Sergei Semak,40,Russia,https://cdn.sportmonks.com/images/soccer/players/30/169214.png
169272,R. Sharonov,Roman Sharonov,40,Russia,https://cdn.sportmonks.com/images/soccer/players/24/169272.png
170857,D. Popov,Denis Popov,40,Russia,
171174,E. Kaleshin,Evgeniy Kaleshin,40,Russia,
171254,A. Storozhuk,Aleksandr Storozhuk,40,Russia,
171725,S. Brown,Scott Brown,42,Scotland,https://cdn.sportmonks.com/images/soccer/players/13/171725.png
171828,J. Ross,Jack Ross,42,Scotland,
171878,S. Hammell,Steven Hammell,42,Scotland,https://cdn.sportmonks.com/images/soccer/players/6/171878.png
173023,A. Neil,Alex Neil,42,Scotland,
184785,F. Celestini,Fabio Celestini,47,Switzerland,
184794,S. González Soriano,Sergio González Soriano,45,Spain,https://cdn.sportmonks.com/images//soccer/coaches/26/184794.png
184942,X. Hernández,Xavier Hernández Creus,45,Spain,https://cdn.sportmonks.com/images/soccer/players/14/184942.png
184988,G. Milito,Gabriel Alejandro Milito,52,Argentina,https://cdn.sportmonks.com/images/soccer/players/28/184988.png
184993,H. Goitom,Henok Goitom,113,Eritrea,https://cdn.sportmonks.com/images/soccer/players/1/184993.png
185049,L. Somoza,Leandro Daniel Somoza,52,Argentina,https://cdn.sportmonks.com/images/soccer/players/25/185049.png
185262,J. Etxeberria Lizardi,Joseba Andoni Etxeberria Lizardi,45,Spain,
185336,V. Moreno Peris,Vicente Moreno Peris,45,Spain,
185346,J. Calleja Revilla,Javier Calleja Revilla,45,Spain,https://cdn.sportmonks.com/images/soccer/players/2/185346.png
185470,J. Baraja Vegas,Javier Baraja Vegas,45,Spain,
186018,M. Sánchez,Miguel Ángel Sánchez Muñoz,45,Spain,https://cdn.sportmonks.com/images//soccer/coaches/2/186018.png
186071,P. Pezzolano Suárez,Paulo César Pezzolano Suárez,60,Uruguay,
186298,C. González Peña,Carlos González Peña,45,Spain,https://cdn.sportmonks.com/images/soccer/players/26/186298.png
187382,R. Gonzalez,Ruben Torrecilla Gonzalez,45,Spain,
187936,S. Francisco Ramos,Sergio Francisco Ramos,45,Spain,
188253,A. Mújika López,Aritz Mújika López,45,Spain,
189541,H. Rydström,Henrik Rydström,46,Sweden,
189568,C. Andersson,Christoffer Andersson,46,Sweden,https://cdn.sportmonks.com/images/soccer/players/0/189568.png
189622,C. Järdler,Christian Järdler,46,Sweden,
189742,D. Haynes,Dan Kristian Haynes,46,Sweden,https://cdn.sportmonks.com/images/soccer/players/14/189742.png
191678,J. Persson,Joakim Persson,46,Sweden,
191894,A. Holmberg,Andreas Holmberg,46,Sweden,
194144,A. Azrafshan,Amir Azrafshan,46,Sweden,
197165,M. Schneider,Marc Schneider,47,Switzerland,
197318,A. Mangiarratti,Alessandro Mangiarratti,47,Switzerland,
197728,M. Rudan,Marko Ante Rudan,195,Australia,
198296,T. Stamm,Thomas Stamm,47,Switzerland,
198883,M. Croci-Torti,Mattia Croci-Torti,47,Switzerland,
199825,Ö. Erdogan,Ömer Erdogan,48,Turkey,
199962,Ş. Can,Şenol Can,48,Turkey,
199988,O. Buruk,Okan Buruk,48,Turkey,
200087,R. Song Bahanag,Rigobert Song Bahanag,103,Cameroon,
200291,V. Demirel,Volkan Demirel,48,Turkey,https://cdn.sportmonks.com/images/soccer/players/3/200291.png
202007,M. Bilazer,Muzaffer Bilazer,48,Turkey,
204726,M. Lewandowski,Mariusz Lewandowski,37,Poland,
211194,L. Nardi,Lucas Andres Nardi,52,Argentina,
211391,G. Farré,Guillermo Martín Farré,52,Argentina,https://cdn.sportmonks.com/images/soccer/players/31/211391.png
211449,W. Coyette,Walter Gastón Coyette,52,Argentina,
212007,J. Vojvoda,Juan Pablo Vojvoda,52,Argentina,
212082,P. de Muner,Pablo Daniel de Muner,52,Argentina,
212494,R. Antuña,Raúl Adolfo Antuña,52,Argentina,
212901,J. Bava,Jorge Rodrigo Bava,60,Uruguay,
214107,S. Blanco Soto,Sergio Rubén Blanco Soto,60,Uruguay,https://cdn.sportmonks.com/images/soccer/players/27/214107.png
215856,R. Mücke Ceni,Rogério Mücke Ceni,54,Brazil,https://cdn.sportmonks.com/images/soccer/players/16/215856.png
216631,P. Escobar Olivetti,Pablo Daniel Escobar Olivetti,53,Bolivia,
216896,P. Guiñazú,Pablo Horacio Guiñazú,52,Argentina,https://cdn.sportmonks.com/images/soccer/players/0/216896.png
217747,J. Cáceres López,Júlio César Cáceres López,58,Paraguay,
219788,G. Canales Bustos,Gustavo Javier Canales Bustos,55,Chile,
224127,J. Carvalhal da Silva,Jefferson Carlos Carvalhal da Silva,54,Brazil,
232657,S. Miranda Córdova,Sebastián Miguel Miranda Córdova,55,Chile,https://cdn.sportmonks.com/images/soccer/players/17/232657.png
232813,E. Medrán,Ezequiel Luis Medrán,52,Argentina,
235363,J. Fano Espinoza,Johan Javier Fano Espinoza,59,Peru,
235436,D. Montoya,David Fernando Montoya,56,Colombia,
236047,M. García Caboara,Mario Humberto García Caboara,83,Mexico,https://cdn.sportmonks.com/images/soccer/players/15/236047.png
238517,Ó. Morera Gómez,Óscar Mario Morera Gómez,56,Colombia,
251867,J. Lozano Espin,Jaime Arturo Lozano Espin,83,Mexico,
251872,E. Coudet,Eduardo Germán Coudet,52,Argentina,
251906,G. Pereyra Vázquez,Gabriel Ernesto Pereyra Vázquez,52,Argentina,
252276,J. Palencia Hernández,Juan Francisco Palencia Hernández,83,Mexico,
252450,J. Gandolfi,Javier Marcelo Gandolfi,52,Argentina,
252486,R. Cristante Mandarino,Rolando Hernán Cristante Mandarino,52,Argentina,
252491,F. Vilar Baudena,Federico Vilar Baudena,52,Argentina,https://cdn.sportmonks.com/images/soccer/players/11/252491.png
252596,G. Pineda Reyes,Gonzalo Pineda Reyes,83,Mexico,https://cdn.sportmonks.com/images/soccer/players/20/252596.png
252780,M. Gerk Larrea,Mauro Nestor Gerk Larrea,52,Argentina,
254517,J. Pallas Martínez,José Ignacio Pallas Martínez,60,Uruguay,
257375,T. Duarte,Troadio Daniel Duarte,58,Paraguay,
258416,G. Salas Suarez,Guillermo Sandro Salas Suarez,59,Peru,
258715,J. Alayo,Juan Carlos Alayo,59,Peru,
260206,A. Medina Reobasco,Alexander Jesús Medina Reobasco,60,Uruguay,
261388,E. Hendrickson,Ezra Hendrickson,91,Saint Vincent and the Grenadines,https://cdn.sportmonks.com/images//soccer/coaches/12/261388.png
261421,P. Noonan,Pat Noonan,95,United States,https://cdn.sportmonks.com/images/soccer/players/13/261421.png
261512,J. Wolff,Josh Wolff,95,United States,https://cdn.sportmonks.com/images/soccer/players/8/261512.png
282308,J. Morr,José María Morr,61,Venezuela,
282927,L. Vielma Peña,Leonel Gerardo Vielma Peña,61,Venezuela,
286861,A. Zwane,Arthur Zwane,140,South Africa,
308200,S. Yamaguchi,Satoshi Yamaguchi,163,Japan,
308330,D. Iwamasa,Daiki Iwamasa,163,Japan,https://cdn.sportmonks.com/images/soccer/players/10/308330.png
308790,T. Yoshida,Takayuki Yoshida,163,Japan,
311623,J. Li,Jinyu Li,155,China PR,
312130,W. Li,Weifeng Li,155,China PR,https://cdn.sportmonks.com/images/soccer/players/2/312130.png
317694,U. Talay,Ufuk Talay,195,Australia,
319508,G. Kim,Gi-Dong Kim,167,Korea Republic,
319683,W. Choi,Won-Kwon Choi,167,Korea Republic,https://cdn.sportmonks.com/images/soccer/players/3/319683.png
319820,S. Kim,Sang-Sik Kim,167,Korea Republic,https://cdn.sportmonks.com/images/soccer/players/12/319820.png
323355,D. Hay,Danny Hay,198,New Zealand,
328728,K. Muscat,Kevin Muscat,195,Australia,
335781,S. Rebrov,Sergiy Rebrov,49,Ukraine,
344426,M. Anfang,Markus Anfang,21,Germany,
347590,S. Helm,Stephan Helm,4,Austria,
351097,T. Schnöll,Thomas Schnöll,4,Austria,
364995,D. Nicola,Davide Nicola,27,Italy,
367568,A. Dionisi,Alessio Dionisi,27,Italy,
374099,A. Sadirov,Artur Sadirov,40,Russia,
387349,K. Askan,Kenan Askan,48,Turkey,
407742,H. Ibarra,Hugo Benjamin Ibarra,52,Argentina,
407770,R. Wicky,Raphaël Wicky,47,Switzerland,
407845,I. Tudor,Igor Tudor,10,Croatia,https://cdn.sportmonks.com/images/soccer/players/5/407845.png
412537,F. Sava,Facundo Sava,52,Argentina,
417317,E. Terzic,Edin Terzic,10,Croatia,https://cdn.sportmonks.com/images//soccer/coaches/5/417317.png
419564,H. Viviani Ribera,Humberto Viviani Ribera,53,Bolivia,
429896,A. Holan,Ariel Enrique Holan,52,Argentina,
429917,Ó. Pareja Gómez,Óscar Alexander Pareja Gómez,56,Colombia,https://cdn.sportmonks.com/images/soccer/players/29/429917.png
429924,C. Porter,Caleb Porter,95,United States,https://cdn.sportmonks.com/images/soccer/players/4/429924.png
429937,B. Schmetzer,Brian Schmetzer,95,United States,https://cdn.sportmonks.com/images//soccer/coaches/17/429937.png
429940,A. Heath,Adrian Heath,14,England,https://cdn.sportmonks.com/images//soccer/coaches/20/429940.png
438064,L. Pusineri,Lucas Pusineri,52,Argentina,
452677,M. Haglund,Magnus Haglund,46,Sweden,https://cdn.sportmonks.com/images/soccer/players/5/452677.png
452683,G. Potter,Graham Potter,14,England,
452689,M. Stahre,Mikael Stahre,46,Sweden,https://cdn.sportmonks.com/images/soccer/players/17/452689.png
452732,K. Knutsen,Kjetil Knutsen,36,Norway,https://cdn.sportmonks.com/images/soccer/players/28/452732.png
452767,K. Schmidt,Klaus Schmidt,4,Austria,
452818,M. Hong,Myung-Bo Hong,167,Korea Republic,
452862,T. Silberberger,Thomas Silberberger,4,Austria,
452906,J. de la Pava Márquez,Jaime de la Pava Márquez,56,Colombia,
452916,L. Scolari,Luiz Elena Felipe Scolari,54,Brazil,https://cdn.sportmonks.com/images/soccer/players/20/452916.png
452946,D. Simeone,Diego Pablo Simeone,52,Argentina,https://cdn.sportmonks.com/images/soccer/players/18/452946.png
453032,Y. Choi,Yong-Soo Choi,167,Korea Republic,
455343,S. Bilić,Slaven Bilić,10,Croatia,
455344,T. Mowbray,Tony Mowbray,14,England,
455350,P. Cook,Paul Cook,14,England,
455353,J. Klopp,Jürgen Klopp,21,Germany,https://cdn.sportmonks.com/images/soccer/players/25/455353.png
455355,D. Moyes,David Moyes,42,Scotland,https://cdn.sportmonks.com/images/soccer/players/27/455355.png
455357,K. Robinson,Karl Robinson,14,England,
455361,J. Guardiola i Sala,Josep Guardiola i Sala,45,Spain,https://cdn.sportmonks.com/images/soccer/players/1/455361.png
455363,S. Jokanović,Slaviša Jokanović,51,Serbia,
455375,José Mourinho,José Mario Felix dos Santos Mourinho,38,Portugal,https://cdn.sportmonks.com/images/soccer/players/15/455375.png
455384,A. Conte,Antonio Conte,27,Italy,https://cdn.sportmonks.com/images/soccer/players/24/455384.png
455424,M. Saraiva da Silva,Marco Alexandre Saraiva da Silva,38,Portugal,https://cdn.sportmonks.com/images/soccer/players/0/455424.png
455453,G. Rowett,Gary Rowett,14,England,
455458,M. Hughes,Mark Hughes,50,Wales,https://cdn.sportmonks.com/images//soccer/coaches/2/455458.png
455462,G. Bowyer,Gary Bowyer,14,England,
455489,M. Robins,Mark Robins,14,England,
455493,J. González Martín del Campo,José Miguel González Martín del Campo,45,Spain,https://cdn.sportmonks.com/images/soccer/players/5/455493.png
455570,N. Clough,Nigel Clough,14,England,
455648,J. Mel Pérez,José Mel Pérez,45,Spain,https://cdn.sportmonks.com/images/soccer/players/0/455648.png
455672,L. Favre,Lucien Favre,47,Switzerland,https://cdn.sportmonks.com/images/soccer/players/24/455672.png
455701,P. Zeidler,Peter Zeidler,21,Germany,https://cdn.sportmonks.com/images/soccer/players/21/455701.png
455705,J. Trpišovský,Jindřich Trpišovský,12,Czech Republic,
455712,U. Fischer,Urs Fischer,47,Switzerland,https://cdn.sportmonks.com/images/soccer/players/0/455712.png
455728,G. Alfaro,Gustavo Julio Alfaro,52,Argentina,
455745,J. Almada Álves,Jorge Guillermo Almada Álves,60,Uruguay,
455793,R. Deila,Ronny Deila,36,Norway,https://cdn.sportmonks.com/images/soccer/players/17/455793.png
455800,C. Ancelotti,Carlo Ancelotti,27,Italy,https://cdn.sportmonks.com/images/soccer/players/24/455800.png
455815,O. Pantaloni,Olivier Pantaloni,18,France,https://cdn.sportmonks.com/images/soccer/players/7/455815.png
455821,E. Sánchez Flores,Enrique Sánchez Flores,45,Spain,https://cdn.sportmonks.com/images//soccer/coaches/13/455821.png
455831,V. Goncharenko,Viktor Goncharenko,6,Belarus,https://cdn.sportmonks.com/images/soccer/players/23/455831.png
455848,M. Baroni,Marco Baroni,27,Italy,
455860,G. Berhalter,Gregg Berhalter,95,United States,https://cdn.sportmonks.com/images/soccer/players/20/455860.png
455898,G. Barros Schelotto,Guillermo Barros Schelotto,52,Argentina,
455907,U. Emery,Unai Emery Etxegoien,45,Spain,https://cdn.sportmonks.com/images/soccer/players/3/455907.png
455925,R. Hake,René Hake,34,Netherlands,
455926,M. Sarri,Maurizio Sarri,27,Italy,https://cdn.sportmonks.com/images//soccer/coaches/22/455926.png
455928,J. Gasset,Jean-Louis Gasset,18,France,https://cdn.sportmonks.com/images/soccer/players/24/455928.png
455931,R. Pinho da Vitória,Rui Carlos Pinho da Vitória,38,Portugal,
455941,L. Bohinen,Lars Roar Bohinen,36,Norway,
455944,L. Ramis Monfort,Luis Miguel Ramis Monfort,45,Spain,
455945,P. Rodrigues Fonseca,Paulo Alexandre Rodrigues Fonseca,38,Portugal,https://cdn.sportmonks.com/images/soccer/players/9/455945.png
455957,M. Allegri,Massimiliano Allegri,27,Italy,https://cdn.sportmonks.com/images/soccer/players/21/455957.png
455975,M. Bakkal,Mesut Bakkal,48,Turkey,
455991,N. Simões Espírito Santo,Nuno Herlander Simões Espírito Santo,38,Portugal,
456014,J. Sampaoli Moya,Jorge Luis Sampaoli Moya,52,Argentina,https://cdn.sportmonks.com/images/soccer/players/14/456014.png
456022,T. Laurey,Thierry Laurey,18,France,https://cdn.sportmonks.com/images/soccer/players/22/456022.png
456033,A. Ferreira,Augusto Sérgio Ferreira,54,Brazil,
456038,G. Gasperini,Gian Piero Gasperini,27,Italy,
456040,V. Carmo Mancini,Vágner Carmo Mancini,54,Brazil,
456080,J. Idiakez Barkaiztegui,Joseba Imanol Idiakez Barkaiztegui,45,Spain,
456085,M. Oenning,Michael Oenning,21,Germany,https://cdn.sportmonks.com/images/soccer/players/21/456085.png
456113,E. ten Hag,Erik ten Hag,34,Netherlands,https://cdn.sportmonks.com/images//soccer/players/17/456113.png
456140,H. Marecos Silvera,Héctor Fernando Marecos Silvera,58,Paraguay,
456153,S. Moulin,Stéphane Moulin,18,France,https://cdn.sportmonks.com/images/soccer/players/25/456153.png
456159,J. Bentley,Jim Bentley,14,England,
456170,K. Moskal,Kazimierz Moskal,37,Poland,
456247,C. Pélissier,Christophe Pélissier,18,France,
456268,C. Michelsen,Christian Michelsen,36,Norway,
456309,J. Falcioni,Julio César Falcioni,52,Argentina,
456360,C. Corberán Vallet,Carlos Corberán Vallet,45,Spain,
456409,L. Carrión Delgado,Luis Miguel Carrión Delgado,45,Spain,
456414,D. Fagermo,Dag-Eilev Akkerhaugen Fagermo,36,Norway,https://cdn.sportmonks.com/images/soccer/players/30/456414.png
456423,J. Arrasate,Jagoba Arrasate Elustondo,45,Spain,https://cdn.sportmonks.com/images/soccer/players/7/456423.png
456450,M. Köllner,Michael Köllner,21,Germany,
456463,O. Horgan,Ollie Horgan,25,Republic of Ireland,
456483,O. Frapolli,Olivier Frapolli,18,France,https://cdn.sportmonks.com/images/soccer/players/3/456483.png
456549,V. Dambrauskas,Valdas Dambrauskas,30,Lithuania,
456552,A. Aglietti,Alfredo Aglietti,27,Italy,
456555,R. Jans,Ron Jans,34,Netherlands,https://cdn.sportmonks.com/images/soccer/players/11/456555.png
456588,J. Mannarino,Jose Ricardo Mannarino,54,Brazil,
456603,M. Der Zakarian,Michel Der Zakarian,3,Armenia,https://cdn.sportmonks.com/images/soccer/players/27/456603.png
456625,J. Streppel,Jurgen Streppel,34,Netherlands,
456646,J. Velázquez Santiago,Julio Velázquez Santiago,45,Spain,https://cdn.sportmonks.com/images/soccer/players/6/456646.png
456647,J. Zielinski,Jacek Zielinski,37,Poland,
456650,H. de Jong,Henk de Jong,34,Netherlands,
456665,M. Şumudică,Marius Ninel Şumudică,39,Romania,
456680,I. Jovičević,Igor Jovičević,10,Croatia,
456904,L. Ojrzynski,Leszek Ojrzynski,37,Poland,
456984,P. Stokowiec,Piotr Stokowiec,37,Poland,
456991,D. Santini,Didier Santini,18,France,
457036,M. Rossi,Marco Rossi,27,Italy,
457107,J. Thelin,Jimmy Thelin,46,Sweden,
457206,A. Pochat,Alain Pochat,18,France,
457354,T. Yoshida,Tatsuma Yoshida,163,Japan,https://cdn.sportmonks.com/images/soccer/players/10/457354.png
457649,T. Thomasberg,Thomas Thomasberg,13,Denmark,
457779,K. Nielsen,Kent Nielsen,13,Denmark,https://cdn.sportmonks.com/images/soccer/players/19/457779.png
457906,A. Cartier,Albert Cartier,18,France,https://cdn.sportmonks.com/images/soccer/players/18/457906.png
458184,M. Wildersinn,Marco Wildersinn,21,Germany,
458446,J. Michelsen,Jakob Michelsen,13,Denmark,
458500,M. Steijn,Maurice Steijn,34,Netherlands,https://cdn.sportmonks.com/images/soccer/players/4/458500.png
458506,K. Hjulmand,Kasper Hjulmand,13,Denmark,https://cdn.sportmonks.com/images/soccer/players/10/458506.png
458508,S. Menzo,Stanley Purl Menzo,34,Netherlands,
458509,R. Molenaar,Robert Molenaar,34,Netherlands,
458512,J. Martins Teixeira Gomes,José Manuel Martins Teixeira Gomes,38,Portugal,
458533,A. Sandstø,Arne Sandstø,36,Norway,https://cdn.sportmonks.com/images/soccer/players/5/458533.png
458536,L. Nilsen,Lars Arne Nilsen,36,Norway,https://cdn.sportmonks.com/images/soccer/players/8/458536.png
458537,D. Lukkien,Dick Lukkien,34,Netherlands,https://cdn.sportmonks.com/images/soccer/players/9/458537.png
458545,R. Lucescu,Răzvan Lucescu,39,Romania,https://cdn.sportmonks.com/images/soccer/players/17/458545.png
458558,P. Carteron,Patrice Carteron,18,France,
458563,C. Michniewicz,Czesław Michniewicz,37,Poland,
458577,J. Ribera,Juan José Ribera,55,Chile,
458610,S. Schwarz,Sandro Schwarz,21,Germany,https://cdn.sportmonks.com/images//soccer/coaches/18/458610.png
458614,A. Breitenreiter,André Breitenreiter,21,Germany,https://cdn.sportmonks.com/images/soccer/players/22/458614.png
458681,G. Bakke,Geir Bakke,36,Norway,https://cdn.sportmonks.com/images/soccer/players/25/458681.png
458688,I. Burchnall,Ian Burchnall,14,England,https://cdn.sportmonks.com/images/soccer/players/0/458688.png
458740,S. Yomoda,Shuhei Yomoda,163,Japan,
458754,A. Zago,Antônio Carlos Zago,54,Brazil,
458791,M. Salas Saieg,Mario Alfredo Salas Saieg,55,Chile,https://cdn.sportmonks.com/images/soccer/players/7/458791.png
458813,J. Nagelsmann,Julian Nagelsmann,21,Germany,https://cdn.sportmonks.com/images//soccer/coaches/29/458813.png
458889,J. Brzęczek,Jerzy Brzęczek,37,Poland,
458915,M. Kaczmarek,Marcin Kaczmarek,37,Poland,
458978,F. Schmidt,Frank Schmidt,21,Germany,https://cdn.sportmonks.com/images/soccer/players/2/458978.png
458991,J. Ribeiro Ventura,Jair Zaksauskas Ribeiro Ventura,54,Brazil,
459010,J. Enochs,Joe Enochs,95,United States,
459045,G. Riddersholm,Glen Riddersholm,13,Denmark,https://cdn.sportmonks.com/images/soccer/players/5/459045.png
459054,A. Kombouare,Antoine Kombouare,18,France,https://cdn.sportmonks.com/images/soccer/players/14/459054.png
459056,E. Setién Solar,Enrique Setién Solar,45,Spain,https://cdn.sportmonks.com/images/soccer/players/16/459056.png
459064,R. Portaluppi,Renato Portaluppi,54,Brazil,
459075,J. Saibene,Jeff Saibene,31,Luxembourg,https://cdn.sportmonks.com/images/soccer/players/3/459075.png
459100,S. Pioli,Stefano Pioli,27,Italy,https://cdn.sportmonks.com/images/soccer/players/28/459100.png
459133,F. Diniz Silva,Fernando Diniz Silva,54,Brazil,
459149,M. Lucescu,Mircea Lucescu,39,Romania,https://cdn.sportmonks.com/images/soccer/players/13/459149.png
459182,P. Jansen,Pascal Jansen,34,Netherlands,https://cdn.sportmonks.com/images//soccer/coaches/14/459182.png
459237,V. Milojević,Vladan Milojević,51,Serbia,
459363,L. Grozavu,Leontin Florian Grozavu,39,Romania,https://cdn.sportmonks.com/images/soccer/players/3/459363.png
459371,S. Krämer,Stefan Krämer,21,Germany,https://cdn.sportmonks.com/images/soccer/players/11/459371.png
459399,W. Valencia Pacheco,Wilmar Valencia Pacheco,59,Peru,
459553,F. Stoican,Flavius Vladimir Stoican,39,Romania,
459596,C. Wollitz,Claus-Dieter Wollitz,21,Germany,https://cdn.sportmonks.com/images/soccer/players/12/459596.png
459598,T. Cramer,Tobias Cramer,21,Germany,
459614,L. Ramos Giró,Leonardo Alfredo Ramos Giró,60,Uruguay,https://cdn.sportmonks.com/images/soccer/players/30/459614.png
459651,M. Kek,Matjaž Kek,44,Slovenia,https://cdn.sportmonks.com/images/soccer/players/3/459651.png
459701,L. Venker de Menezes,Luiz Antônio Venker de Menezes,54,Brazil,
459717,B. Hollerbach,Bernd Hollerbach,21,Germany,
459961,J. García,Jaime García,55,Chile,
460096,F. Escriba Segura,Francisco Escriba Segura,45,Spain,
460151,P. Hinschberger,Philippe Hinschberger,18,France,https://cdn.sportmonks.com/images/soccer/players/23/460151.png
460152,P. Marques da Costa Filipe,Pedro Miguel Marques da Costa Filipe,38,Portugal,
460156,R. Rehm,Rüdiger Rehm,21,Germany,https://cdn.sportmonks.com/images/soccer/players/28/460156.png
460164,B. Akrapović,Bruno Akrapović,8,Bosnia and Herzegovina,
460197,C. Streich,Christian Streich,21,Germany,https://cdn.sportmonks.com/images/soccer/players/5/460197.png
460205,J. Härtel,Jens Härtel,21,Germany,
460239,D. Farías Acosta,Daniel Alejandro Farías Acosta,61,Venezuela,https://cdn.sportmonks.com/images/soccer/players/15/460239.png
460255,T. Lieberknecht,Torsten Lieberknecht,21,Germany,https://cdn.sportmonks.com/images/soccer/players/31/460255.png
460370,D. Cocca Pera,Diego Martín Cocca Pera,52,Argentina,
460391,J. Gustafsson,Jens Gustafsson,46,Sweden,https://cdn.sportmonks.com/images/soccer/players/7/460391.png
460450,T. Aksoy,Taşkın Aksoy,48,Turkey,https://cdn.sportmonks.com/images/soccer/players/2/460450.png
460451,P. Vieira,Patrick Vieira,18,France,https://cdn.sportmonks.com/images//soccer/coaches/3/460451.png
460535,D. Farke,Daniel Farke,21,Germany,
460565,D. Silvestre Júnior,Dorival Silvestre Júnior,54,Brazil,https://cdn.sportmonks.com/images/soccer/players/21/460565.png
460566,Z. Barišić,Zoran Barišić,4,Austria,https://cdn.sportmonks.com/images/soccer/players/22/460566.png
460597,A. Avcı,Abdullah Mucip Avcı,48,Turkey,
460646,T. Ziegner,Torsten Ziegner,21,Germany,
460940,E. Neagoe,Eugen Neagoe,39,Romania,
460941,N. Baptista Júnior,Nélson Baptista Júnior,54,Brazil,https://cdn.sportmonks.com/images/soccer/players/13/460941.png
461025,T. Oniki,Toru Oniki,163,Japan,https://cdn.sportmonks.com/images/soccer/players/1/461025.png
461203,M. Yakin,Murat Yakin,47,Switzerland,https://cdn.sportmonks.com/images/soccer/players/19/461203.png
462085,J. Fleitas Silveira,Julio Marcelo Fleitas Silveira,57,Ecuador,
462184,A. Horvat,Alen Horvat,10,Croatia,
462195,M. Longo,Moreno Longo,27,Italy,
462411,R. Rodríguez Suárez,Ricardo Rodríguez Suárez,45,Spain,
463146,D. Lopes Ramos,Daniel António Lopes Ramos,38,Portugal,
463195,P. Pacult,Peter Pacult,4,Austria,https://cdn.sportmonks.com/images/soccer/players/27/463195.png
463883,O. Vasilenko,Oleg Vasilenko,40,Russia,
463903,E. Astorga,Emiliano Astorga,55,Chile,
464141,L. Ribeiro de Castro,Luís Manuel Ribeiro de Castro,38,Portugal,
464277,C. dos Santos Oliveira,Claudinei dos Santos Oliveira,54,Brazil,
464744,O. Dall’Oglio,Olivier Dall’Oglio,18,France,https://cdn.sportmonks.com/images/soccer/players/8/464744.png
464754,Á. Cervera Díaz,Álvaro Cervera Díaz,45,Spain,
464864,N. Usaï,Nicolas Usaï,18,France,
465026,N. El Ouardini,Norredine El Ouardini,18,France,
465296,A. Alm,Andreas Alm,46,Sweden,https://cdn.sportmonks.com/images/soccer/players/16/465296.png
465533,F. Ortiz,Fernando Ortiz,52,Argentina,
465573,J. Comesaña López,Julio Avelino Comesaña López,60,Uruguay,
465574,H. Nanami,Hiroshi Nanami,163,Japan,
465881,W. Chang,Woe-Ryong Chang,167,Korea Republic,https://cdn.sportmonks.com/images/soccer/players/25/465881.png
465969,S. Cho,Sung-Hwan Cho,167,Korea Republic,
466097,M. Al-Ayari,Mohammed Al-Ayari,145,Tunisia,
466317,J. Torres Díaz,José Flavio Torres Díaz,56,Colombia,
466541,D. Martínez Penas,Diego Martínez Penas,45,Spain,https://cdn.sportmonks.com/images//soccer/coaches/13/466541.png
466678,R. Venturato,Roberto Venturato,195,Australia,
466902,D. Rocha,Dilceu Junior Rocha,54,Brazil,
467344,C. Tencati,Cláudio Tencati,54,Brazil,
467354,N. Soma,Naoki Soma,163,Japan,
467441,H. Torres Oliveros,Hernán Torres Oliveros,56,Colombia,
467464,G. Poyet Domínguez,Gustavo Augusto Poyet Domínguez,60,Uruguay,https://cdn.sportmonks.com/images/soccer/players/8/467464.png
467517,I. Štimac,Igor Štimac,10,Croatia,
467533,L. González,Leonardo González,61,Venezuela,
467859,J. Almirón Quintana,Jorge Francisco Almirón Quintana,52,Argentina,
467951,O. De Felippe,Omar De Felippe,52,Argentina,
468056,J. Tolisano,Juan Domingo Tolisano,61,Venezuela,
468196,F. Kudelka,Frank Darío Kudelka,52,Argentina,
468200,M. Gallardo,Marcelo Daniel Gallardo,52,Argentina,
468222,G. Álvarez,Gustavo Álvarez,52,Argentina,
468236,N. Gorosito,Néstor Raúl Gorosito,52,Argentina,
468348,M. Palermo,Martín Palermo,52,Argentina,
468375,C. Vigevani,César Eduardo Vigevani,52,Argentina,
468615,M. Lustrinelli,Mauro Lustrinelli,47,Switzerland,
468645,P. Lavallén,Pablo Hernán Lavallén,52,Argentina,
468798,F. Castori,Fabrizio Castori,27,Italy,
468897,F. Jubero Carmona,Fernando Jubero Carmona,45,Spain,
469995,G. Helstrup,Gaute Ugelstad Helstrup,36,Norway,https://cdn.sportmonks.com/images/soccer/players/11/469995.png
470310,N. Sanvicente Bethelmy,Noel Sanvicente Bethelmy,61,Venezuela,
470363,N. Larcamón,Nicolás Ricardo Larcamón,52,Argentina,
470494,H. Bodhert Barrios,Hubert Antonio Bodhert Barrios,56,Colombia,
470514,G. Costas Makeira,Gustavo Adolfo Costas Makeira,52,Argentina,
470515,F. Bozán Santibáñez,Francisco Andrés Bozán Santibáñez,55,Chile,
470838,H. Pinto dos Anjos,Hélio César Pinto dos Anjos,54,Brazil,
470935,M. Grioni,Marcelo Fabián Grioni,52,Argentina,https://cdn.sportmonks.com/images/soccer/players/23/470935.png
470943,E. Valverde,Ernesto Valverde Tejedor,45,Spain,https://cdn.sportmonks.com/images/soccer/players/31/470943.png
471281,C. Mayor,Carlos Mayor,52,Argentina,
471322,G. Cumbicus Castillo,Geovanny Patricio Cumbicus Castillo,57,Ecuador,
471459,I. Rescalvo Sánchez,Ismael Rescalvo Sánchez,45,Spain,
471542,K. Hasegawa,Kenta Hasegawa,163,Japan,
471757,M. Ponce Torres,Miguel Andrés Ponce Torres,55,Chile,
471824,D. Corredor Hurtado,Diego Andrés Corredor Hurtado,56,Colombia,
471878,M. Ramírez Pérez,Miguel Mauricio Ramírez Pérez,55,Chile,
472575,D. Garnero,Daniel Oscar Garnero,52,Argentina,
474402,H. Renard,Hervé Renard,18,France,https://cdn.sportmonks.com/images/soccer/players/2/474402.png
474417,M. Kanerva,Markku Kanerva,17,Finland,
474427,J. Andersson,Jan Olof Andersson,46,Sweden,https://cdn.sportmonks.com/images/soccer/players/27/474427.png
474428,B. Arena,Bruce Arena,95,United States,https://cdn.sportmonks.com/images/soccer/players/28/474428.png
474441,G. Quinteros Desábato,Gustavo Enrique Domingo Quinteros Desábato,53,Bolivia,
474444,Å. Fridtjof Hareide,Åge Fridtjof Hareide,36,Norway,https://cdn.sportmonks.com/images/soccer/players/12/474444.png
474483,A. Čačić,Ante Čačić,10,Croatia,
474498,S. Constantine,Stephen Constantine,14,England,
474589,G. Southgate,Gareth Southgate,14,England,https://cdn.sportmonks.com/images/soccer/players/29/474589.png
474616,D. Deschamps,Didier Deschamps,18,France,https://cdn.sportmonks.com/images/soccer/players/24/474616.png
474720,A. Bacchi,Adenor Leonardo Bacchi,54,Brazil,
474728,J. Lopetegui Argote,Julen Lopetegui Argote,45,Spain,https://cdn.sportmonks.com/images/soccer/players/8/474728.png
474731,J. Pekerman,José Néstor Pekerman,52,Argentina,https://cdn.sportmonks.com/images/soccer/players/11/474731.png
474734,R. Dudamel Ochoa,Rafael Edgar Dudamel Ochoa,61,Venezuela,
474745,F. Arce Rolón,Francisco Javier Arce Rolón,58,Paraguay,
474761,B. Storck,Bernd Storck,21,Germany,
474796,R. Martínez Montoliú,Roberto Martínez Montoliú,45,Spain,https://cdn.sportmonks.com/images/soccer/players/12/474796.png
507784,L. Floro Valença,Luís Miguel Floro Valença,38,Portugal,
513778,F. Baldini,Francesco Baldini,27,Italy,
516577,G. Vanney,Greg Vanney,95,United States,https://cdn.sportmonks.com/images//soccer/coaches/1/516577.png
516707,J. García Torres,José Rafael García Torres,83,Mexico,
518875,B. Henriksen,Bo Henriksen,13,Denmark,
523896,M. Berizzo,Manuel Eduardo Berizzo,52,Argentina,
523897,L. Spalletti,Luciano Spalletti,27,Italy,https://cdn.sportmonks.com/images/soccer/players/25/523897.png
523898,M. Pellegrini,Manuel Luis Pellegrini Ripamonti,55,Chile,https://cdn.sportmonks.com/images/soccer/players/26/523898.png
523905,R. Garcia,Rudi Garcia,18,France,https://cdn.sportmonks.com/images/soccer/players/1/523905.png
523906,G. Dal Pozzo,Gilmar Dal Pozzo,54,Brazil,
523909,Ó. García Junyent,Óscar García Junyent,45,Spain,
523911,E. Howe,Eddie Howe,14,England,https://cdn.sportmonks.com/images//soccer/coaches/7/523911.png
523923,J. Pinheiro de Jesus,Jorge Fernando Pinheiro de Jesus,38,Portugal,https://cdn.sportmonks.com/images/soccer/players/19/523923.png
523928,S. Marceneiro Conceição,Sérgio Paulo Marceneiro Conceição,38,Portugal,https://cdn.sportmonks.com/images//soccer/coaches/24/523928.png
523929,J. van den Brom,John van den Brom,34,Netherlands,https://cdn.sportmonks.com/images/soccer/players/25/523929.png
523936,M. Weinzierl,Markus Weinzierl,21,Germany,https://cdn.sportmonks.com/images/soccer/players/0/523936.png
523953,B. Génésio,Bruno Génésio,18,France,
523954,R. Çalımbay,Rıza Çalımbay,48,Turkey,
523959,L. Martínez García,Luis Enrique Martínez García,45,Spain,https://cdn.sportmonks.com/images/soccer/players/23/523959.png
523962,S. Solbakken,Ståle Solbakken,36,Norway,https://cdn.sportmonks.com/images/soccer/players/26/523962.png
523972,H. Fraser,Henk Fraser,34,Netherlands,
523984,S. Grayson,Simon Grayson,14,England,
524011,C. Galtier,Christophe Galtier,18,France,https://cdn.sportmonks.com/images/soccer/players/11/524011.png
524027,D. Adams,Derek Adams,42,Scotland,
524030,V. Montella,Vincenzo Montella,27,Italy,
524071,P. Mastroeni,Pablo Andrés Mastroeni,95,United States,https://cdn.sportmonks.com/images//soccer/coaches/7/524071.png
524143,J. Reynoso Guzmán,Juan Máximo Reynoso Guzmán,59,Peru,
524176,J. Šilhavý,Jaroslav Šilhavý,12,Czech Republic,https://cdn.sportmonks.com/images/soccer/players/16/524176.png
524208,S. Evans,Steve Evans,42,Scotland,
524215,S. Robinson,Stephen Robinson,35,Northern Ireland,
524236,D. Clarke,Darrell Clarke,14,England,
524237,D. Smith,Dean Smith,14,England,
524249,K. Hill,Keith Hill,14,England,
524250,R. Tarasiewicz,Ryszard Tarasiewicz,37,Poland,
524286,J. Furlan,Jean-Marc Furlan,18,France,https://cdn.sportmonks.com/images/soccer/players/30/524286.png
524289,J. Albacete Anquela,Juan Antonio Albacete Anquela,45,Spain,
524291,J. Curtin,Jim Curtin,95,United States,https://cdn.sportmonks.com/images//soccer/coaches/3/524291.png
524297,R. Hasenhüttl,Ralph Hasenhüttl,4,Austria,https://cdn.sportmonks.com/images/soccer/players/9/524297.png
524299,L. Williams,Luke Williams,14,England,
524305,M. Petrović,Mihailo Petrović,4,Austria,https://cdn.sportmonks.com/images/soccer/players/17/524305.png
524310,M. Appleton,Michael Appleton,14,England,
524311,A. Zorniger,Alexander Zorniger,21,Germany,https://cdn.sportmonks.com/images/soccer/players/23/524311.png
524320,T. Shimotaira,Takahiro Shimotaira,163,Japan,https://cdn.sportmonks.com/images/soccer/players/0/524320.png
524328,F. Carille,Fábio Carille,54,Brazil,
524374,U. Rösler,Uwe Rösler,21,Germany,
524398,P. Vermes,Peter Vermes,95,United States,https://cdn.sportmonks.com/images/soccer/players/14/524398.png
524400,H. Shibuya,Hiroki Shibuya,163,Japan,
524428,K. Curle,Keith Curle,14,England,
524431,L. Zubeldía,Luis Francisco Zubeldía,52,Argentina,
524461,J. Ferrer Sicilia,Joan Francesc Ferrer Sicilia,45,Spain,https://cdn.sportmonks.com/images/soccer/players/13/524461.png
524476,D. Di Carlo,Domenico Di Carlo,27,Italy,
524523,G. Hagi,Gheorghe Hagi,39,Romania,
524533,J. Zinnbauer,Joe Zinnbauer,21,Germany,
524537,N. Kovač,Niko Kovač,10,Croatia,https://cdn.sportmonks.com/images/soccer/players/25/524537.png
524552,J. Marsch,Jesse Marsch,95,United States,
524572,J. Coleman,John Coleman,14,England,
524660,G. Fernández Romo,Guillermo Fernández Romo,45,Spain,
524771,V. Bordot,Vincent Bordot,18,France,
524834,J. Pérez Alonso,Jon Andoni Pérez Alonso,45,Spain,
524989,S. Dubroca,Sébastien Dubroca,18,France,
525679,J. Alsina García,Josep Oriol Alsina García,45,Spain,
526036,M. Papszun,Marek Papszun,37,Poland,
526194,A. Stival,Alexi Stival,54,Brazil,https://cdn.sportmonks.com/images/soccer/players/18/526194.png
526236,T. Letsch,Thomas Letsch,21,Germany,
526240,R. Mosquera Vera,Roberto Orlando Mosquera Vera,59,Peru,
526987,P. Peirano Pardeiro,Pablo Peirano Pardeiro,60,Uruguay,
527346,J. Stéphan,Julien Stéphan,18,France,
528418,J. Ferrando Fenol,Juan Ferrando Fenol,45,Spain,
529460,L. Peyrelade,Laurent Peyrelade,18,France,
529482,R. Le Bris,Régis Le Bris,18,France,https://cdn.sportmonks.com/images//soccer/coaches/10/529482.png
529595,R. Revelli,Romain Revelli,18,France,
529830,D. Guion,David Guion,18,France,
530329,P. Gastien,Pascal Gastien,18,France,https://cdn.sportmonks.com/images//soccer/coaches/25/530329.png
530755,I. Alguacil Barrenetxea,Imanol Alguacil Barrenetxea,45,Spain,
531488,C. Farías Acosta,César Alejandro Farías Acosta,61,Venezuela,
531536,G. Duró,Guillermo Duró,52,Argentina,
532352,D. Gallego Rodríguez,David Gallego Rodríguez,45,Spain,
532808,V. Antelo,Victor Hugo Antelo,53,Bolivia,
533275,A. Rodrigues da Silva,Adriano Rodrigues da Silva,54,Brazil,
533737,A. Santaelena Aguado,Alfredo Santaelena Aguado,45,Spain,https://cdn.sportmonks.com/images/soccer/players/9/533737.png
533871,R. Albés Yáñez,Rubén Albés Yáñez,45,Spain,
533879,J. Ziganda Lacunza,José Ángel Ziganda Lacunza,45,Spain,
533904,F. López Fernández,Francisco José López Fernández,45,Spain,
535591,M. Skibbe,Michael Skibbe,21,Germany,https://cdn.sportmonks.com/images/soccer/players/7/535591.png
536978,S. Kenny,Stephen Kenny,25,Republic of Ireland,https://cdn.sportmonks.com/images/soccer/players/18/536978.png
586853,A. Brännström,Andreas Brännström,46,Sweden,
749101,A. Milicic,Ante Milicic,195,Australia,https://cdn.sportmonks.com/images/soccer/players/13/749101.png
765710,J. Sanguinetti,Javier Sanguinetti,52,Argentina,
765787,C. Silva Socarrás,Carlos Alberto Silva Socarrás,56,Colombia,
781677,J. de Amorim Campos,Jorge José de Amorim Campos,54,Brazil,
784331,A. Ito,Akira Ito,163,Japan,
784486,R. Mancini,Roberto Mancini,27,Italy,https://cdn.sportmonks.com/images/soccer/players/6/784486.png
784547,O. Kononov,Oleg Kononov,6,Belarus,
785611,M. Soria Portillo,Mauricio Soria Portillo,53,Bolivia,
882970,L. Slutskiy,Leonid Slutskiy,40,Russia,https://cdn.sportmonks.com/images/soccer/players/26/882970.png
883002,E. Iordănescu,Edward Iordănescu,39,Romania,https://cdn.sportmonks.com/images/soccer/players/26/883002.png
883017,R. Schmidt,Roger Schmidt,21,Germany,https://cdn.sportmonks.com/images/soccer/players/9/883017.png
883019,D. Petrescu,Dan Vasile Petrescu,39,Romania,
883029,N. Craviotto,Néstor Oscar Craviotto,52,Argentina,
883095,G. Garitano Aguirre,Gaizka Garitano Aguirre,45,Spain,
893657,F. Gallo,Fabio Gallo,27,Italy,
893783,F. Bustos,Fabián Daniel Bustos,52,Argentina,
896106,H. Broos,Hugo Broos,7,Belgium,
896131,S. Kuntz,Stefan Kuntz,21,Germany,
896137,N. Frederiksen,Niels Frederiksen,13,Denmark,https://cdn.sportmonks.com/images/soccer/players/9/896137.png
896292,J. Osorio Arbeláez,Juan Carlos Osorio Arbeláez,56,Colombia,https://cdn.sportmonks.com/images/soccer/players/4/896292.png
896300,S. Cherchesov,Stanislav Cherchesov,40,Russia,
896314,F. Fernandes da Costa Santos,Fernando Manuel Fernandes da Costa Santos,38,Portugal,https://cdn.sportmonks.com/images/soccer/players/26/896314.png
896460,B. Rodgers,Brendan Rodgers,35,Northern Ireland,https://cdn.sportmonks.com/images//soccer/players/12/896460.png
896462,D. McInnes,Derek McInnes,42,Scotland,
896473,A. Karanka de la Hoz,Aitor Karanka de la Hoz,45,Spain,
896475,B. Bradley,Bob Bradley,95,United States,https://cdn.sportmonks.com/images/soccer/players/27/896475.png
896485,D. Schreuder,Dick Schreuder,34,Netherlands,
896498,M. Mellon,Micky Mellon,42,Scotland,https://cdn.sportmonks.com/images/soccer/players/18/896498.png
896501,R. Page,Robert Page,50,Wales,
896508,M. Kauczinski,Markus Kauczinski,21,Germany,https://cdn.sportmonks.com/images/soccer/players/28/896508.png
896509,D. Schuster,Dirk Schuster,21,Germany,https://cdn.sportmonks.com/images/soccer/players/29/896509.png
896510,P. Gomes Bento,Paulo Jorge Gomes Bento,38,Portugal,https://cdn.sportmonks.com/images/soccer/players/30/896510.png
896517,A. Janković,Aleksandar Janković,51,Serbia,
896519,H. Vanhaezebrouck,Hein Vanhaezebrouck,7,Belgium,https://cdn.sportmonks.com/images/soccer/players/7/896519.png
896531,A. Schwartz,Alois Schwartz,21,Germany,https://cdn.sportmonks.com/images/soccer/players/19/896531.png
896532,O. Janßen,Olaf Janßen,21,Germany,https://cdn.sportmonks.com/images/soccer/players/20/896532.png
896541,D. Cowley,Danny Cowley,14,England,
896545,J. Askey,John Askey,14,England,
896549,K. Runjaic,Kosta Runjaic,21,Germany,https://cdn.sportmonks.com/images/soccer/players/5/896549.png
896551,P. Montanier,Philippe Montanier,18,France,https://cdn.sportmonks.com/images/soccer/players/7/896551.png
896553,N. Pearson,Nigel Pearson,14,England,
896570,V. Ismaël,Valérien Ismaël,18,France,https://cdn.sportmonks.com/images/soccer/players/26/896570.png
896608,F. Haise,Franck Haise,18,France,https://cdn.sportmonks.com/images/soccer/players/0/896608.png
896619,L. Kwasniok,Lukas Kwasniok,21,Germany,
896621,F. Lerda,Franco Lerda,27,Italy,
896625,D. Toscano,Domenico Toscano,27,Italy,
896634,P. Bisoli,Pierpaolo Bisoli,27,Italy,https://cdn.sportmonks.com/images/soccer/players/26/896634.png
896649,A. Fernández Antuña,Abelardo Fernández Antuña,45,Spain,https://cdn.sportmonks.com/images/soccer/players/9/896649.png
896655,G. Contini,Giorgio Contini,47,Switzerland,https://cdn.sportmonks.com/images/soccer/players/15/896655.png
896657,R. Agné Montull,Raúl Agné Montull,45,Spain,
896662,F. Fernández Díaz,Francisco Javier Fernández Díaz,45,Spain,
896664,R. Zielinski,Ricardo Alberto Zielinski,52,Argentina,
896665,L. Madelón,Leonardo Carol Madelón,52,Argentina,
896740,P. Høgmo,Per-Mathias Høgmo,36,Norway,https://cdn.sportmonks.com/images/soccer/players/4/896740.png
896756,M. Almeyda,Matías Jesús Almeyda,52,Argentina,https://cdn.sportmonks.com/images//soccer/coaches/20/896756.png
896757,D. Alonso López,Diego Martín Alonso López,60,Uruguay,
896759,L. Sosa Cisneros,Luis Alfonso Sosa Cisneros,83,Mexico,
896760,J. Torrente,Javier Luis Torrente,52,Argentina,
896765,M. Herrera Aguirre,Miguel Ernesto Herrera Aguirre,83,Mexico,https://cdn.sportmonks.com/images/soccer/players/29/896765.png
896766,R. Valiño,Ricardo Alfredo Valiño,52,Argentina,
896767,V. Vucetich Rojas,Víctor Manuel Vucetich Rojas,83,Mexico,
896771,G. Martino,Gerardo Daniel Martino,52,Argentina,https://cdn.sportmonks.com/images/soccer/players/3/896771.png
896776,A. Borges Guimarães,Alexandre Borges Guimarães,72,Costa Rica,https://cdn.sportmonks.com/images/soccer/players/8/896776.png
896782,T. Popović,Tony Popović,195,Australia,https://cdn.sportmonks.com/images/soccer/players/14/896782.png
896783,J. Aloisi,John Aloisi,195,Australia,https://cdn.sportmonks.com/images/soccer/players/15/896783.png
896785,Z. Dalić,Zlatko Dalić,10,Croatia,
896791,J. Seo,Jung-Won Seo,167,Korea Republic,
896798,J. Aguirre Onaindía,Javier Aguirre Onaindía,83,Mexico,
896803,A. Olăroiu,Aurelian Cosmin Olăroiu,39,Romania,
896805,A. Postecoglou,Angelos Postecoglou,195,Australia,https://cdn.sportmonks.com/images/soccer/players/5/896805.png
942497,T. Kim,Tae-Wan Kim,167,Korea Republic,
942499,K. Nam,Ki-Il Nam,167,Korea Republic,
942515,A. Boothroyd,Aidy Boothroyd,14,England,
978851,P. Devlin,Pat Devlin,25,Republic of Ireland,
1021664,J. Kim,Jong-Boo Kim,167,Korea Republic,
1025473,G. Savarese,Giovanni Savarese,61,Venezuela,https://cdn.sportmonks.com/images/soccer/players/1/1025473.png
1030184,F. Mazzù,Felice Mazzù,7,Belgium,https://cdn.sportmonks.com/images/soccer/players/8/1030184.png
1030203,Y. Vanderhaeghe,Yves Vanderhaeghe,7,Belgium,
1030239,W. Moon,Warren Moon,14,England,
1030277,A. Reyes Montero,Arturo Ernesto Reyes Montero,56,Colombia,
1030279,J. Suárez Giraldo,José Alberto Suárez Giraldo,56,Colombia,
1068543,J. Rojo Martín,Juan José Rojo Martín,45,Spain,
1068555,J. Caulfield,John Caulfield,25,Republic of Ireland,
1076939,F. Sanchez Bas,Felix Sanchez Bas,45,Spain,https://cdn.sportmonks.com/images/soccer/players/11/1076939.png
1076985,F. Robatto,Flavio Horacio Robatto,52,Argentina,
1182371,T. Croly,Trevor Croly,25,Republic of Ireland,
1452147,S. Taylor,Stuart Taylor,42,Scotland,https://cdn.sportmonks.com/images/soccer/players/19/1452147.png
1452201,D. Parfenov,Dmytro Parfenov,49,Ukraine,
1452203,C. Ilzer,Christian Ilzer,4,Austria,
1452340,J. Clotet Ruiz,Josep Clotet Ruiz,45,Spain,
1452584,J. Ferreira da Mota,José Albano Ferreira da Mota,38,Portugal,
1452767,C. Torres Ramírez,César Fernando Torres Ramírez,56,Colombia,
1452907,I. Baraclough,Ian Baraclough,14,England,
1452924,J. Stahre,Jan Stahre,46,Sweden,
1453115,C. Mattiasson,Christer Mattiasson,46,Sweden,
1467959,D. Challinor,Dave Challinor,14,England,
1468170,J. Santa Robledo,José Fernando Santa Robledo,56,Colombia,
1477272,B. Irles,Bruno Irles,18,France,https://cdn.sportmonks.com/images//soccer/coaches/24/1477272.png
1489365,D. Pereira,Derrick Pereira,159,India,
1494028,P. Repetto Aquino,Pablo Eduardo Repetto Aquino,60,Uruguay,
1525420,G. Arnold,Graham Arnold,195,Australia,https://cdn.sportmonks.com/images/soccer/players/12/1525420.png
1532970,I. McCall,Ian McCall,42,Scotland,
1533122,P. dos Santos Martins Silva,Pedro Emanuel dos Santos Martins Silva,38,Portugal,
1533127,M. Brys,Marc Brys,7,Belgium,
1533141,A. Talalaev,Andrey Talalaev,40,Russia,
1533144,P. Martins Alves,Paulo Lourenço Martins Alves,38,Portugal,
1547985,M. Mader,Markus Mader,4,Austria,
1548455,H. Steffen,Horst Steffen,21,Germany,https://cdn.sportmonks.com/images/soccer/players/7/1548455.png
1548557,A. Pallarés,Alexandré Pallarés,45,Spain,
1552127,F. Pinto Martins,Filipe Gonçalo Pinto Martins,38,Portugal,
1552186,S. Weaver,Simon Weaver,14,England,
1552200,D. Brennan,Dean Brennan,25,Republic of Ireland,
1552207,M. Soso,Mariano Soso,52,Argentina,
1552268,A. Papastamatis,Arthur Thomas Papastamatis,195,Australia,
1552334,L. Guyot,Laurent Guyot,18,France,
1552400,K. Fünfstück,Konrad Fünfstück,21,Germany,
1552403,A. Poldervaart,Adrie Poldervaart,34,Netherlands,
1552424,M. Márquez Roca,Manuel Márquez Roca,45,Spain,
1552477,T. Walter,Tim Walter,21,Germany,
1552508,M. Ambriz Espinoza,Marcos Ignacio Ambriz Espinoza,83,Mexico,
1552555,S. Hildmann,Sascha Hildmann,21,Germany,
1552604,V. Rašović,Vuk Rašović,51,Serbia,
1552672,M. Schopp,Markus Schopp,4,Austria,
1552696,M. Nogueira Barbieri,Maurício Nogueira Barbieri,54,Brazil,
1552810,R. Díaz,Ramón Ángel Díaz,52,Argentina,
1552812,R. Jacobo Gutierrez,Raul Erasto Jacobo Gutierrez,83,Mexico,
1552838,V. de Carvalho Campelos,Vítor Fernando de Carvalho Campelos,38,Portugal,
1552902,R. Cevoli,Roberto Cevoli,27,Italy,
1552921,M. Martins Sequeira,Micael Martins Sequeira,38,Portugal,
1552966,J. Skrobacz,Jarosław Skrobacz,37,Poland,
1553030,C. Lucarelli,Cristiano Lucarelli,27,Italy,
1553200,A. Sottil,Andrea Sottil,27,Italy,
1553202,A. Tesser,Attilio Tesser,27,Italy,
1553203,M. Alvini,Massimiliano Alvini,27,Italy,https://cdn.sportmonks.com/images//soccer/coaches/19/1553203.png
1553229,P. Morilla Pineda,Pedro Morilla Pineda,45,Spain,
1553235,L. Batalha Freire,Luís Carlos Batalha Freire,38,Portugal,
1553285,A. Tegström,Andreas Tegström,46,Sweden,
1553294,D. Bäckström,Daniel Bäckström,46,Sweden,
1553322,N. Napoli,Nicolò Napoli,27,Italy,
1553336,G. Caballero Schiker,Gabriel Esteban Caballero Schiker,83,Mexico,
1553351,F. Nunes Cândido,Filipe Manuel Nunes Cândido,38,Portugal,
1553390,R. Khuzin,Rustem Khuzin,40,Russia,https://cdn.sportmonks.com/images/soccer/players/14/1553390.png
1553411,I. Osinkin,Igor Osinkin,40,Russia,
1553570,J. Bianco,José María Bianco,52,Argentina,
1553624,Á. Hernández Uribe,Álvaro Hernández Uribe,56,Colombia,
1553640,E. López Zarza,Enrique López Zarza,83,Mexico,
1565626,W. Hao,Wei Hao,155,China PR,
1677031,R. Brouard,Régis Brouard,18,France,https://cdn.sportmonks.com/images/soccer/players/7/1677031.png
1846740,P. Tramezzani,Paolo Tramezzani,27,Italy,
1846934,M. Ristić,Milan Ristić,51,Serbia,
1854915,G. Struber,Gerhard Struber,4,Austria,https://cdn.sportmonks.com/images//soccer/coaches/3/1854915.png
1854949,G. Abascal Perez,Guillermo Abascal Perez,45,Spain,
1854951,E. Fentanes Orozco,Eduardo Fentanes Orozco,83,Mexico,
1872679,A. Colombo,Alberto Colombo,27,Italy,
1872757,L. Cirne Lima de Lorenzi,Luiz Carlos Cirne Lima de Lorenzi,54,Brazil,
1872907,I. Abreu Vieira,Ivo Ricardo Abreu Vieira,38,Portugal,
1873090,S. Iacolino,Salvatore Iacolino,27,Italy,
2158189,P. Clement,Philippe Clement,7,Belgium,https://cdn.sportmonks.com/images/soccer/players/13/2158189.png
2158433,L. Bölöni,László Bölöni,39,Romania,
2158474,M. Teja,Mihai Teja,39,Romania,
2178947,C. Preußer,Christian Preußer,21,Germany,
2206526,C. Titz,Christian Titz,21,Germany,https://cdn.sportmonks.com/images/soccer/players/30/2206526.png
2510291,J. Lammers,Joannes Gerardus Adrianus Lammers,34,Netherlands,
2510462,M. Chabert,Mathieu Chabert,18,France,
2510731,A. Skowronek,Artur Skowronek,37,Poland,
2511092,A. Moreira Ferreira,Abel Fernando Moreira Ferreira,38,Portugal,
2511114,G. Donis,Giorgios Donis,22,Greece,https://cdn.sportmonks.com/images/soccer/players/10/2511114.png
2511270,J. Calero Fernández,Julián Calero Fernández,45,Spain,
2875993,J. Armijo,John Sebastián Armijo,55,Chile,
2876007,G. Díaz Domínguez,Gustavo Díaz Domínguez,60,Uruguay,
3169802,D. Zuraw,Dariusz Zuraw,37,Poland,
3181403,V. Fedotov,Vladimir Fedotov,40,Russia,
3187813,L. Elsner,Luka Elsner,44,Slovenia,
3219729,J. Romero Sáez,Jorge Romero Sáez,45,Spain,
3509984,M. Zaffaroni,Marco Zaffaroni,27,Italy,
3526169,J. Oliveira Nunes Henriques,João Alexandre Oliveira Nunes Henriques,38,Portugal,
3526244,A. Gamero Morillo,Alberto Miguel Gamero Morillo,56,Colombia,
3533861,W. Vrancken,Wouter Vrancken,7,Belgium,
3568847,İ. Palut,İlhan Palut,48,Turkey,
3618158,M. Martelotte,Marcelo Martelotte,54,Brazil,
3861734,T. Reis,Thomas Reis,21,Germany,
3862153,M. von Ahlen,Markus von Ahlen,21,Germany,
3876656,E. Seçme,Ertuğrul Seçme,48,Turkey,
3899858,O. Petrakov,Oleksandr Petrakov,49,Ukraine,https://cdn.sportmonks.com/images/soccer/players/18/3899858.png
4187834,M. Dijkhuizen,Marinus Dijkhuizen,34,Netherlands,
4243191,M. Göksu,Mustafa Ati Göksu,48,Turkey,
4592317,A. Bouhazama,Abdelaziz Bouhazama,18,France,
4916358,J. Wu,Jingui Wu,155,China PR,
4977578,W. Fornalik,Waldemar Fornalik,37,Poland,
5283402,L. Vind,Lars Vind,13,Denmark,
5332015,S. Cotterill,Steve Cotterill,14,England,
5332165,L. D'Angelo,Luca D'Angelo,27,Italy,
5332210,R. Siboldi Badiola,Robert Dante Siboldi Badiola,60,Uruguay,
5666333,G. Huerta Araya,Gustavo Huerta Araya,55,Chile,
5666628,D. Dionigi,Davide Dionigi,27,Italy,
5669971,M. Karoglan,Mislav Karoglan,10,Croatia,
5961878,W. Still,William Still,7,Belgium,
5967966,M. Álvarez Jurado,Miguel Álvarez Jurado,45,Spain,
6642513,S. Angulo Bolaños,Sergio Angulo Bolaños,56,Colombia,
6648081,A. Macedo Freitas,Armando Evangelista Macedo Freitas,38,Portugal,
6971069,M. Mackay,Malky Mackay,42,Scotland,
6971228,Petit,Armando Gonçalves Teixeira,38,Portugal,
6972209,J. Grindhaug,Jostein Grindhaug,36,Norway,https://cdn.sportmonks.com/images/soccer/players/17/6972209.png
6972715,C. Arslan,Cihat Arslan,48,Turkey,
6972914,P. Quatrocchi,Pablo Javier Quatrocchi,52,Argentina,
6983785,P. Parkinson,Phil Parkinson,14,England,
6983788,S. Clarke,Steve Clarke,42,Scotland,
6983853,H. Matuszyczk,Horacio Matuszyczk,52,Argentina,
7330518,F. García Pimienta,Francisco Javier García Pimienta,45,Spain,
7346264,J. Gombau Balague,Josep Gombau Balague,45,Spain,https://cdn.sportmonks.com/images/soccer/players/24/7346264.png
7689026,B. Clarhaut,Brian Clarhaut,95,United States,
7689782,P. Gavilánez Solís,Pool Geovanny Gavilánez Solís,57,Ecuador,
7690084,S. Gómez,Sergio Gómez,52,Argentina,
7693712,R. Uçar,Recep Uçar,48,Turkey,
7713957,G. De Boeck,Glen De Boeck,7,Belgium,https://cdn.sportmonks.com/images/soccer/players/5/7713957.png
7714354,M. Krstajić,Mladen Krstajić,51,Serbia,
7741798,O. Hellmann,Odair Hellmann,54,Brazil,
8416512,P. Dechat,Pedro Atalicio Dechat,52,Argentina,
9605704,P. Sarabia Achucarro,Pedro Alcídes Sarabia Achucarro,58,Paraguay,
9938631,V. de Oliveira Lopes Pereira,Vítor Manuel de Oliveira Lopes Pereira,38,Portugal,https://cdn.sportmonks.com/images/soccer/players/7/9938631.png
9964181,D. Colpaert,David Colpaert,7,Belgium,
10264954,V. Karpin,Valeriy Karpin,40,Russia,
10269848,A. Andreazzoli,Aurelio Andreazzoli,27,Italy,
10275528,J. Belhedi,Jamel Belhedi,145,Tunisia,
10293491,E. Sarabia Armesto,Eder Sarabia Armesto,45,Spain,
10293509,D. Dabove,Diego Omar Dabove,52,Argentina,
10626576,B. Berntsen,Bjarne Berntsen,36,Norway,
10626699,S. Billborn,Stefan Billborn,46,Sweden,https://cdn.sportmonks.com/images/soccer/players/11/10626699.png
10948461,M. Zahzú,Miguel Ángel Zahzú,52,Argentina,
10990603,B. Mukhtari,Bairm Mukhtari,145,Tunisia,
11311416,I. Jovanović,Ivan Jovanović,51,Serbia,https://cdn.sportmonks.com/images/soccer/players/24/11311416.png
12016966,N. Belci,Nasır Belci,48,Turkey,
12066298,R. Dutt,Robin Dutt,21,Germany,https://cdn.sportmonks.com/images/soccer/players/26/12066298.png
12393693,D. Mackey,David Mackey,25,Republic of Ireland,
12562146,G. Smith,Gary Smith,14,England,https://cdn.sportmonks.com/images//soccer/coaches/2/12562146.png
12830275,S. Hasebe,Shigetoshi Hasebe,163,Japan,
12830699,R. Látal,Radoslav Látal,12,Czech Republic,
13186192,J. Park,Jin-Seop Park,167,Korea Republic,
13224996,S. Barjuán i Esclusa,Sergi Barjuán i Esclusa,45,Spain,
13225192,Y. Chen,Yang Chen,155,China PR,https://cdn.sportmonks.com/images/soccer/players/8/13225192.png
13633409,A. Soares Jardine,André Soares Jardine,54,Brazil,
13980935,I. Prelec,Ivan Prelec,10,Croatia,https://cdn.sportmonks.com/images/soccer/players/7/13980935.png
13991808,J. Vinyals Martori,Jordi Vinyals Martori,45,Spain,
14328880,J. Herdman,John Herdman,14,England,https://cdn.sportmonks.com/images/soccer/players/16/14328880.png
14328883,G. Morínigo Vázquez,Gustavo Eliseo Morínigo Vázquez,58,Paraguay,
15062004,D. Kühbauer,Dietmar Didi Kühbauer,4,Austria,https://cdn.sportmonks.com/images/soccer/players/20/15062004.png
15084021,D. Tholot,Didier Tholot,18,France,https://cdn.sportmonks.com/images/soccer/players/21/15084021.png
16102470,B. Wang,Bo Wang,155,China PR,
16111977,L. García Plaza,Luis García Plaza,45,Spain,https://cdn.sportmonks.com/images/soccer/players/9/16111977.png
16112171,L. Ciobotariu,Liviu Ciobotariu,39,Romania,https://cdn.sportmonks.com/images/soccer/players/11/16112171.png
16488543,E. Sánchez Freking,Erwin Sánchez Freking,53,Bolivia,
16827150,I. Javorcic,Ivan Javorcic,10,Croatia,
16845924,J. Askou,Jens Berthel Askou,13,Denmark,
17159485,S. Corica,Steve Corica,195,Australia,
17281534,K. Hellberg,Kim Hellberg,46,Sweden,
17867632,P. Hurst,Paul Hurst,14,England,
17876082,H. Pedersen,Henrik Pedersen,13,Denmark,
17949095,A. Vera,Alfredo Vera,58,Paraguay,
18218840,K. Kawai,Kenta Kawai,163,Japan,
18228014,B. Korkmaz,Bülent Korkmaz,48,Turkey,
18559399,D. Munoz Galaz,Damian Dario Munoz Galaz,55,Chile,
18567633,K. Rekdal,Kjetil André Rekdal,36,Norway,https://cdn.sportmonks.com/images/soccer/players/17/18567633.png
18922365,T. Flowers,Tim Flowers,14,England,
18932187,M. Cifuentes Corvillo,Martí Cifuentes Corvillo,45,Spain,
18939668,H. Peña,Hernán Peña,55,Chile,
19256146,D. Martindale,David Martindale,42,Scotland,
19264859,M. Cardetti,Martín Alejandro Cardetti,52,Argentina,
19282253,F. Wormuth,Frank Wormuth,21,Germany,
19289999,M. Santoni,Michele Santoni,34,Netherlands,
19960383,R. Rangnick,Ralf Rangnick,21,Germany,https://cdn.sportmonks.com/images/soccer/players/31/19960383.png
19960388,A. Iraola,Andoni Iraola Sagarna,45,Spain,https://cdn.sportmonks.com/images//soccer/coaches/4/19960388.png
19979675,H. Seitz,Holger Seitz,21,Germany,
19980296,A. Geiger,Alain Geiger,47,Switzerland,
19980368,M. Bengtsson,Mikael Bengtsson,46,Sweden,
19996749,M. Bílek,Michal Bílek,12,Czech Republic,https://cdn.sportmonks.com/images/soccer/players/13/19996749.png
20315948,K. Socha,Kamil Socha,37,Poland,
20326070,R. Fraser,Robin Fraser,95,United States,https://cdn.sportmonks.com/images//soccer/coaches/22/20326070.png
20691920,D. Berlinski,Daniel Berlinski,21,Germany,
20693356,B. Gaul,Bartosch Gaul,21,Germany,
20693361,P. Glöckner,Patrick Glöckner,21,Germany,
20693394,A. Meyer,André Meyer,21,Germany,
20693423,O. Werner,Ole Werner,21,Germany,
20693917,F. de Jesus Santos,Fernando Manuel de Jesus Santos,38,Portugal,
20694532,P. Bento Brito,Paulo Sérgio Bento Brito,38,Portugal,
20708358,B. Hermoso Herrera,Baldomero Hermoso Herrera,45,Spain,
21054920,J. Batista Donizete Dressler Burse,João Batista Donizete Dressler Burse,54,Brazil,
21072678,H. Pérez Cuesta,Hernán Pérez Cuesta,45,Spain,
21404414,M. Saralegui Iriarte,Mario Daniel Saralegui Iriarte,60,Uruguay,https://cdn.sportmonks.com/images/soccer/players/30/21404414.png
22126528,A. Capuccio Díaz,Alejandro Martín Capuccio Díaz,60,Uruguay,
22158402,J. Oosting,Joseph Oosting,34,Netherlands,
22158887,A. Illanes,Alberto Illanes,53,Bolivia,
22536116,B. Lee,Byung-Geun Lee,167,Korea Republic,https://cdn.sportmonks.com/images/soccer/players/20/22536116.png
22859431,G. Crespo Sánchez,Germán Crespo Sánchez,45,Spain,
22877956,G. Cioffi,Gabriele Cioffi,27,Italy,
23269910,C. Schumacher,Constantin Schumacher,39,Romania,
23302395,T. Veart,Thomas Veart,195,Australia,
23386218,Á. Pacheco,Álvaro Adriano Teixeira Pacheco,38,Portugal,https://cdn.sportmonks.com/images/soccer/players/10/23386218.png
23637730,L. Marín Camacho,Luis Marín Camacho,53,Bolivia,
23738838,M. Prasoł,Marcin Prasoł,37,Poland,
24065134,E. Hamrén,Erik Hamrén,46,Sweden,https://cdn.sportmonks.com/images/soccer/players/14/24065134.png
24427744,T. Frank,Thomas Frank,13,Denmark,https://cdn.sportmonks.com/images/soccer/players/0/24427744.png
24445026,P. Oliveira Chamusca,Péricles Raimundo Oliveira Chamusca,54,Brazil,
24818817,F. Paula da Rocha,Filipe André Paula da Rocha,38,Portugal,
25187743,L. Manning,Liam Manning,14,England,
25217592,F. Díaz Seguel,Fernando Maximiliano Díaz Seguel,55,Chile,
25567014,C. Bergodi,Cristiano Bergodi,27,Italy,
25583713,H. Keleş,Hakan Keleş,48,Turkey,
25931173,F. Meneghini,Francisco Meneghini,52,Argentina,
26328630,M. Muslić,Miron Muslić,4,Austria,
26669978,R. Pätzold,Roberto Pätzold,21,Germany,
27048405,M. Bonner,Mark Bonner,14,England,
27057544,A. García Vega,Alexis Enrique García Vega,56,Colombia,
27440829,J. Friis,Jacob Friis,13,Denmark,https://cdn.sportmonks.com/images/soccer/players/29/27440829.png
27462686,Ó. Cano Moreno,Óscar Pedro Cano Moreno,45,Spain,
27831764,M. Balbul,Marco Balbul,26,Israel,
28184231,P. Wild,Peter Wild,14,England,
29303607,R. Alves Paiva,Renato Manuel Alves Paiva,38,Portugal,
29336919,J. Pautasso,Jorge Remigio Pautasso,52,Argentina,
29720314,J. Riveiro,Jose Riveiro,45,Spain,
29720398,D. Searle,Danny Searle,14,England,
30482247,U. Balcıoğlu,Uğur Balcıoğlu,48,Turkey,https://cdn.sportmonks.com/images/soccer/players/7/30482247.png
30850931,D. Devine,Declan Devine,35,Northern Ireland,
31616447,M. Moquera Bastida,Manuel Alfredo Moquera Bastida,45,Spain,https://cdn.sportmonks.com/images/soccer/players/31/31616447.png
32012784,Ö. Karaveli,Önder Karaveli,48,Turkey,
32396043,E. Moe,Erling Moe,36,Norway,https://cdn.sportmonks.com/images/soccer/players/11/32396043.png
32405547,D. Martínez Ruiz,Diego Martínez Ruiz,45,Spain,https://cdn.sportmonks.com/images/soccer/players/11/32405547.png
32431130,N. Cushing,Nick Cushing,14,England,
32551353,Y. Anbar,Youssef Anbar,183,Saudi Arabia,
33587121,S. Tjelmeland,Sindre Tjelmeland,36,Norway,
33980182,S. Zhukov,Sergey Zhukov,40,Russia,https://cdn.sportmonks.com/images/soccer/players/22/33980182.png
34367117,E. de Souza Barroca,Eduardo de Souza Barroca,54,Brazil,
34455769,M. Gray,Matt Gray,14,England,https://cdn.sportmonks.com/images/soccer/players/25/34455769.png
34492065,R. Insúa,Rubén Darío Insúa,52,Argentina,
34874032,J. Jeunechamps,José Jeunechamps,7,Belgium,https://cdn.sportmonks.com/images/soccer/players/16/34874032.png
35279764,D. Thalhammer,Dominik Thalhammer,4,Austria,
35305804,F. Pedersen,Flemming Pedersen,13,Denmark,
36084458,A. Restrepo Mazo,Alejandro Restrepo Mazo,56,Colombia,
36884109,S. Šapurić,Svetozar Šapurić,51,Serbia,
37250724,S. Cooper,Steve Cooper,50,Wales,https://cdn.sportmonks.com/images//soccer/coaches/4/37250724.png
37252142,P. Sarmiento Solís,Pedro Enrique Sarmiento Solís,56,Colombia,
37253370,F. Ponweiser,Franz Ponweiser,4,Austria,
37253380,M. Chen,Mao Chen,155,China PR,
37255825,S. Ultee,Sjors Ultee,34,Netherlands,
37257614,W. Jonk,Wim Jonk,34,Netherlands,
37257773,J. Borges de Sousa,João Pedro Borges de Sousa,38,Portugal,
37260565,E. Docampo,Eduardo Docampo,45,Spain,
37262404,J. Niedźwiedź,Janusz Niedźwiedź,37,Poland,
37262790,A. Aguilà Lalana,Alberto Aguilà Lalana,45,Spain,
37266144,D. Algaba,Daniel Poyatos Algaba,45,Spain,
37287279,K. Režić,Krešimir Režić,10,Croatia,
37288290,R. Mokwena,Rhulani Mokwena,140,South Africa,
37297706,O. Garcia Rodriguez,Oscar Garcia Rodriguez,45,Spain,
37315628,L. Palavro Zanella,Lucas Palavro Zanella,54,Brazil,
37324873,H. Meléndez Sanchez,Henry Antonio Meléndez Sanchez,61,Venezuela,
37326181,R. De Paoli,Rodolfo De Paoli,52,Argentina,
37331562,X. Liu,Xueyu Liu,155,China PR,
37331744,G. Baticle,Gérald Baticle,18,France,https://cdn.sportmonks.com/images//soccer/coaches/0/37331744.png
37336557,N. Wood,Neil Wood,14,England,
37336957,F. Kramer,Frank Kramer,21,Germany,https://cdn.sportmonks.com/images//soccer/coaches/29/37336957.png
37351217,L. Gotti,Luca Gotti,27,Italy,
37352367,H. Flick,Hans-Dieter Flick,21,Germany,
37354684,P. Simpson,Paul Simpson,14,England,
37354876,A. Herms,Albert Capellas Herms,45,Spain,
37357854,P. Wennberg,Peter Wennberg,46,Sweden,
37384310,J. Maqueda,Juan José Maqueda,45,Spain,
37386304,B. Garner,Ben Garner,14,England,
37428016,N. Özbayer,Necdet Emre Özbayer,48,Turkey,
37429198,Albert Puig,Albert Puig Ortoneda,45,Spain,
37430188,P. Johansen,Pal Arne Johansen,36,Norway,
37430442,K. Bundy,Kenny Bundy,95,United States,
37430718,J. Brady,Jon Brady,195,Australia,
37438919,L. Blanc,Laurent Blanc,18,France,
37438949,P. Ince,Paul Ince,14,England,
37444175,H. Boysen,Hans-Jürgen Boysen,21,Germany,
37453069,R. Beale,Richard Beale,14,England,
37476493,Kim Do-Kyun,Do-Kyun Kim,167,Korea Republic,
37522422,Artur Jorge,Artur Jorge Torres Gomes Araújo Amorim,38,Portugal,
37522906,R. Cadena Martínez,Ricardo Cadena Martínez,83,Mexico,
37523018,G. Miscevic,Goran Miscevic,51,Serbia,
37523072,L. van Gaal,Louis van Gaal,34,Netherlands,
37523318,I. Ahn,Ik-Soo Ahn,167,Korea Republic,
37523462,G. Tognarelli,Gustavo Daniel Tognarelli,52,Argentina,
37523585,O. Addo,Otto Addo,21,Germany,
37524040,F. Alexandersson,Freyr Alexandersson,24,Iceland,
37524131,A. Caglayan,Adem Caglayan,48,Turkey,
37524146,K. McKenna,Kieran McKenna,14,England,
37524256,M. Magalhães,Mário Fernando Magalhães da Silva,38,Portugal,
37524364,H. Wibe-Lund,Håkon Wibe-Lund,36,Norway,
37524380,M. Bermúdez Tucto,Mifflin Bermúdez Tucto,59,Peru,
37524407,D. Buckingham,Des Buckingham,14,England,
37524893,K. van Wonderen,Kees van Wonderen,34,Netherlands,
37526382,A. Petrea,Anton Petrea,39,Romania,
37527066,A. Lillini,Andrés Luciano Lillini,52,Argentina,
37527821,W. Yang,Weijian Yang,155,China PR,
37528432,T. Lagerlöf,Thomas Lagerlöf,46,Sweden,
37529254,D. Szulczek,Dawid Szulczek,37,Poland,
37529364,X. Zhang,Xiaorui Zhang,155,China PR,
37529961,M. Eskesen,Morten Eskesen,13,Denmark,
37530232,C. Heinle,Christian Heinle,4,Austria,
37533057,H. Xie,Hui Xie,155,China PR,
37541656,A. Marreco Gouveia,António José Marreco Gouveia,38,Portugal,
37542467,R. Taurino,Roberto Taurino,27,Italy,
37542638,S. Keskin,Semih Keskin,21,Germany,
37543306,F. Pereira Mejía,Francisco Javier Pereira Mejía,45,Spain,
37545084,Y. Al Mannai,Yousef Al Mannai,145,Tunisia,
37552521,J. Carcedo Mardones,Juan Carlos Carcedo Mardones,45,Spain,
37552530,L. Richardson,Leam Richardson,14,England,
37553115,R. da Silva Ferreira,Rui Vítor da Silva Ferreira,38,Portugal,
37553735,N. Lorenzo,Néstor Gabriel Lorenzo,52,Argentina,
37553748,J. Villafuerte,José Villafuerte,57,Ecuador,
37553794,K. Pawlak,Krzysztof  Pawlak,37,Poland,
37553899,T. Tam,Tahsin Tam,48,Turkey,
37553903,D. Suárez Muñoz,David Suárez Muñoz,56,Colombia,
37553999,J. Garijo Nicolás,José Garijo Nicolás,45,Spain,
37554017,A. Patz,Andreas Patz,21,Germany,
37556105,N. Flórez Jiménez,Nelson Alfonso Flórez Jiménez,56,Colombia,
37563973,W. Nancy,Wilfried Nancy,18,France,https://cdn.sportmonks.com/images//soccer/coaches/5/37563973.png
37563984,M. Lee,Min-Sung Lee,167,Korea Republic,
37564013,J. van Gastel,Jean-Paul van Gastel,34,Netherlands,
37566248,F. Farioli,Francesco Farioli,27,Italy,
37566658,C. Anghel,Cătălin Cristian Anghel,39,Romania,
37566900,G. Yu,Genwei Yu,155,China PR,
37566920,E. Emmons Cova,Elías Jarol Rafael Emmons Cova,61,Venezuela,
37569634,I. Almeida,Iván Almeida,58,Paraguay,
37569638,H. Matsuda,Hiroshi Matsuda,163,Japan,
37571867,M. Jensen,Morten Jensen,36,Norway,
37573825,A. Cardoso de Oliveira,António José Cardoso de Oliveira,38,Portugal,
37575018,E. Still,Edward Still,7,Belgium,
37575021,M. Schmid,Manfred Schmid,4,Austria,
37575667,W. Dodds,William Billy Dodds,42,Scotland,
37575668,D. Scherning,Daniel Scherning,21,Germany,
37576444,H. Ganchinho Pereira,Hugo Carlos Rodrigues Ganchinho Pereira,38,Portugal,
37581419,L. Pfeiffer,Lukas  Pfeiffer,21,Germany,
37584222,D. Figueira Correia,Duarte Nuno Figueira Correia,38,Portugal,
37584223,O. Korkmaz,Osman Zeki Korkmaz,48,Turkey,
37584234,J. Niño Casteblanco,Juan David Niño Casteblanco,56,Colombia,
37590075,V. Sartini,Vanni Sartini,27,Italy,https://cdn.sportmonks.com/images//soccer/coaches/27/37590075.png
37590394,A. Kogiku,Akio Kogiku,163,Japan,
37590437,D. Flores,Diego Flores,52,Argentina,
37593553,W. Regragui,Walid Regragui,18,France,
37593601,J. Acejo Rodriguez,Juan Alejandro Acejo Rodriguez,45,Spain,
37594835,I. Chirilă,Ionuț Chirilă,39,Romania,
37600719,C. Müller,Carsten Müller,21,Germany,
37602008,T. Altay,Turgay Altay,48,Turkey,
37602353,N. Set,Nizamettin Set,48,Turkey,
37602374,M. Rondelli,Miguel Rondelli,52,Argentina,
37606429,G. Mokry,Grzegorz Mokry,37,Poland,
37608726,N. Estévez Martínez,Nicolás Estévez Martínez,45,Spain,https://cdn.sportmonks.com/images//soccer/coaches/22/37608726.png
37608741,A. Kayabunar,Alper Kayabunar,21,Germany,
37609239,R. Venegas,Rodrigo Venegas,55,Chile,
37610194,P. Vanoli,Paolo Vanoli,27,Italy,
37614914,M. Anselmi,Martin Anselmi,52,Argentina,
37615629,S. Özbalta,Serkan Özbalta,48,Turkey,
37618185,A. Negre,Alain Negre,18,France,
37618984,K. Doherty,Kevin Doherty,25,Republic of Ireland,
37618991,R. Matsuhashi,Rikizo Matsuhashi,163,Japan,
37620993,J. Lee,Jung-Hyo Lee,167,Korea Republic,
37621005,M. Venturelli,Marcelo Venturelli,52,Argentina,
37621959,R. Coumans,Roel Coumans,34,Netherlands,
37624470,T. Görner,Tim Görner,21,Germany,
37624473,J. Tiemann-Gorny,Jens Tiemann-Gorny,21,Germany,
37625119,J. Al Jebouri,Jawad Al Jebouri,46,Sweden,
37625124,E. Tortolero Román,Edson Argenis Tortolero Román,61,Venezuela,
37625768,J. Vaccari,Julio César Vaccari,52,Argentina,
37626398,A. Covelo,Alex Covelo,45,Spain,
37629634,A. Morris,Alex Morris,14,England,
37629650,D. Lennon,Dermot Lennon,25,Republic of Ireland,
37630732,J. Feitosa Alves,José Omar Feitosa Alves,54,Brazil,
37631748,H. Ovelar,Humberto Ovelar,58,Paraguay,
37632631,D. Dóniga Lara,David Dóniga Lara,45,Spain,
37633958,M. Beale,Michael Beale,14,England,
37634995,C. Compagnucci,Carlos Horacio Compagnucci,52,Argentina,
37637489,R. Veldeman,Robin Veldeman,34,Netherlands,
37639917,C. Lattanzio,Christian Lattanzio,27,Italy,
37640252,B. Arostegui Guibelondo,Bingen Arostegui Guibelondo,45,Spain,
37640409,J. Lee,Jang-Gwan Lee,167,Korea Republic,
37640959,F. Avendaño,Fabián Avendaño,55,Chile,
37640962,P. Rojas,Patrick Rojas,55,Chile,
37646219,P. Gasde,Philipp Gasde,21,Germany,
37648549,E. Ospina Echeverry,Edgar Ospina Echeverry,56,Colombia,
37649045,J. Neme Moreno,Julio Rodolfo Neme Moreno,60,Uruguay,
37649082,A. Eduardo Balbo,Abel Eduardo Balbo,52,Argentina,
37651957,Y. Manai,Youssef Manai,145,Tunisia,
37655213,S. Paganelli,Stéphane Paganelli,18,France,
37656417,C. Kyung-Ho,Chung Kyung-Ho,167,Korea Republic,
37656591,A. Mur,Antonio Mur,52,Argentina,
37662210,O. Ribeiro de Oliveira,Orlando Ribeiro de Oliveira,54,Brazil,
37663858,?. Villegas,Óscar Villegas,53,Bolivia,
37664674,G. Percovich,Galileo Percovich,60,Uruguay,
37664710,M. Saralegui Arregín,Marcelo Saralegui Arregín,60,Uruguay,
37664752,M. Rama,Maximiliano Rama,52,Argentina,
37666404,M. Joseph,Matheus Joseph,37,Poland,
37666625,M. Wimmer,Michael Wimmer,21,Germany,
